6.757435873555492378e+01	1.232201100698742806e+02	-9.908406770791232532e+01	-2.333822196421694173e+02	-1.482031578721578455e+02	-6.149762759701105352e+01	-2.639258981262144630e+02	-2.030804611925008274e+01	3.510486783086209073e+01	-1.327124466060882071e+02	3.742319097125257343e+01	-6.678599702988445586e+01
2.471076925631818426e+02	-3.509282340773171427e+02	1.750722379289497042e+02	-2.644777418037018037e+02	-5.525832533551160850e+02	-7.705090443535331701e+01	1.013346544376660177e+02	-1.729616288447750492e+02	-4.096310309091414581e+01	-1.244802372997685183e+02	1.414308419761118785e+02	-1.271506297963855872e+02
1.867764437172806424e+02	-3.647658216263026247e+02	2.349647340137098865e+02	2.830149542732303303e+02	-1.920241375008957050e+02	-2.834354388630907096e+01	4.132182371740408939e+02	-2.792128856172636233e+02	-2.578626499514047055e+02	1.180794049344685561e+02	-1.117968503031811167e+02	7.540087133411044817e+01
1.642313475287208462e+02	8.858485579711805258e+01	-9.876495820775092227e+01	-4.014604992079774775e+02	-4.048391643920604679e+02	-1.014261059712878392e+02	-1.725893831244505634e+02	3.863061016050527741e+01	-2.538487042014583039e+01	-3.067953810666485879e+02	2.908536627926821438e+02	-2.547342041372219512e+02
2.707481501590593780e+02	-2.319495308145991146e+02	2.501438880738627120e+02	-6.958383063764942733e+01	-5.168611520365747083e+02	-7.750450327800383832e+01	1.237896757794800067e+02	-2.992327869471950521e+02	-4.912021395734521434e+01	-4.201263268306713172e+01	2.750060243550775567e+02	-1.466298370475150818e+02
-4.259766757406068649e+01	-2.925942982808925308e+01	9.361503999784784469e+01	2.383456608988713867e+02	1.257655153471852998e+02	1.482280555098675379e+01	9.840270027288269716e+01	-5.089182860072168069e+01	3.024194119796148073e+01	2.214076575981405597e+02	-1.346626503440687372e+02	6.940516564897437490e+01
1.685054337147580270e+02	-1.756123365923351400e+02	1.052819751613277504e+02	1.797670247527394238e+01	-1.111752754409345556e+02	-2.123015084786829334e+02	1.789894530673259680e+02	-7.902724567709753956e+01	-3.001201538848656014e+02	-1.765767437705203804e+02	2.036108659221891060e+01	6.854611873210900796e+01
7.640284383036151894e+01	1.177217325634697573e+02	-6.852505574115481579e+01	-9.849953093748379018e+00	-8.057272619950671455e+00	-1.273454147494272632e+02	1.112733294009613871e+02	1.461900559066859557e+02	-2.199265553853268216e+02	-4.124700459269433281e+02	-1.579526554605844808e+02	-3.352551646165617427e+01
1.578873203863417984e+02	-5.180921166588392452e+02	3.223619940431443069e+02	4.316001179406030701e+02	-2.733794715060511749e+02	-1.005915051849274420e+02	5.306623486857640728e+02	-3.537513516579612087e+02	-1.985671202799612729e+02	2.608343086003451390e+02	-6.242658759608069374e+01	1.953900501868025685e+02
1.239594190565339602e+02	-3.978706524226365104e+02	3.090590636691941882e+02	3.300171952337198036e+02	-8.675559021546638405e+01	5.686677223679561166e+01	3.069959195467039308e+02	-1.974390847561291480e+02	8.446965877901031483e-01	3.479415695623933971e+02	1.147549985916910842e+01	1.409326574103414771e+02
1.335424201007841702e+02	2.130935740357159602e+02	-1.205762222184225863e+02	-4.666247806505660378e+02	-2.625493595025706668e+02	-8.899734027424462113e+01	-3.200854876242607361e+02	-1.810873045166162854e+01	-1.800731609085786431e+02	-3.693236415146448621e+02	1.376432925342993485e+02	-1.927733811995274209e+02
-2.287480583364065012e+02	2.077492069866924567e+02	-1.347896561809957561e+01	2.163434381914991320e+02	5.871974232200492452e+02	5.717002844192342081e+01	3.678490519454499719e+01	3.604158293690240953e+02	4.951779108807384233e+01	-2.616087279501925522e+01	-2.269529293323245156e+02	9.693303861736637828e+01
-9.290754170366095366e+01	-2.227908019420758379e+01	8.101197687731277597e+01	2.046314442618445355e+02	9.890526836755758211e+01	2.803120202446821452e+01	1.520856538538893119e+02	-6.448444798487767571e+01	2.867872879405449993e+01	1.731426812309175318e+02	-1.425970444727238089e+02	1.321771210990218890e+02
2.528467909671546749e+02	-4.531630313980915616e+02	1.890294953108796960e+02	9.198710470791761296e+00	-4.496115885828243108e+02	-7.294274950251602263e+01	1.970625688470650800e+02	-2.764026601584329796e+02	7.642096299824494565e+01	8.588850197334950565e+01	1.617778444697286204e+02	3.321118411409624827e+01
-1.118722330298184318e+02	2.178543491598753405e+02	-1.579667790383754777e+02	1.210096229762552156e+02	4.698485223645492965e+02	-5.921608260231354848e+01	2.023654613890402629e+02	1.730777297360986609e+02	-2.786031133786347596e+02	1.458430463323597381e+00	-3.028896585110187516e+02	7.193414821070079768e+01
1.671083398533374691e+02	-1.163633275951078332e+02	5.734036719719119901e+01	4.950401046560173057e+01	-1.245363592758087066e+02	-1.826599687762005146e+02	2.124762108156788258e+02	2.429249961352690779e+00	-2.658153244609125636e+02	-2.368727009213693009e+02	2.921093306527039957e+01	-9.810048626981624054e+00
-1.601818061453652717e+02	1.862878943197650869e+02	-8.813674253219143395e+01	2.522826522036428969e+02	4.376562984761965822e+02	-2.319329664139942082e+01	1.576827262216012855e+02	2.537870725861531582e+02	-1.538669858582771326e+02	-1.178273014740402971e+02	-2.273164993995703753e+02	1.672164296503548258e+02
-3.265086252776242048e+01	-4.657279201466030116e+01	1.396571137470129145e+02	2.174170538475280807e+02	6.989714769998678889e+01	-2.615527943862466032e+01	2.023009363298951371e+02	-1.246089114155603284e+02	-6.980937072917015485e+01	1.326412410386512875e+02	-1.321045587840169162e+02	1.113630464277981531e+02
1.042754587225596339e+02	4.129852381172534592e+01	-5.720166058026163824e+01	-2.422724940673205367e+02	-1.786958826516361114e+02	-8.669541859408658979e+01	-7.508833539904186694e+01	8.604480422993383115e+01	-1.345907006740698648e+02	-3.512405948815341503e+02	-3.126645264162439730e+01	-1.519628827623440372e+02
-1.443713237918596271e+01	-1.481018130921450791e+02	1.803247930679525268e+02	3.599206633571685074e+02	2.052358322990362183e+02	-8.754125142604340226e+01	2.940549729940706243e+02	-2.978334546505536196e+01	-2.068518380248339099e+02	7.919481432866642479e+01	-2.207332157326546564e+02	1.801619148375243071e+02
1.573850022627734688e+02	-4.052007000667969692e+02	2.635777420953009482e+02	1.464194640441510558e+02	-3.426187111996989643e+02	-1.185211039277544529e+02	2.987492047336252199e+02	-2.825407023276193286e+02	-1.217919282864521513e+01	1.913200964142803286e+02	9.692976991349192417e+01	4.686482256723250828e+01
-2.067130410683586206e+02	-1.146917494587802082e+02	1.594550987857644770e+02	2.739457156672187921e+02	3.076696222929701889e+02	2.006494404684754045e+02	3.859448841987541812e+01	-4.872054987965170625e+01	2.568929176484398909e+02	4.438275491490099398e+02	-9.240014978223176456e+01	2.017998655698795289e+02
3.274617647880374420e+02	-2.093998309237687749e+02	1.692667945285597000e+02	-1.094343516087956942e+02	-5.947427712363025876e+02	-6.069865371657402164e+01	3.917945176946557950e+01	-2.490289929364465991e+02	-1.250315530497629624e+02	-4.893427884093578939e+01	1.811801861813900132e+02	-1.439911744906089268e+02
6.238631741157104926e+01	1.746359082914693062e+01	-1.480619405805864801e+02	-2.870641717033822147e+02	-8.733338273388261541e+01	6.238036936598705395e+00	-3.725550206728964326e+02	-1.862416380870080701e+01	1.264403065302766151e+02	-1.256596029464668192e+02	1.479125255281563796e+02	-2.239785750010642005e+02
-7.856651777067291675e+01	3.906539181434122838e+02	-3.160259100849401648e+02	-3.006927388828531775e+02	8.211903182777219001e+01	-1.630765713844622411e+01	-3.025607679234162788e+02	2.565247676523618452e+02	9.564014407642847715e+00	-2.786752082022557602e+02	-2.266726762529387074e+01	-2.240977669059483901e+02
-3.499358022193151641e+01	-1.240622729793791308e+02	1.653824929638175547e+02	4.539107166985312460e+02	1.411047035564200485e+02	-3.288858391817036164e+01	3.936032119162758249e+02	-6.521462026464902806e+01	-2.536638265129392380e+02	1.086599013479596891e+02	-1.759175847107696882e+02	2.290961409054158082e+02
8.437407283715512563e+01	-5.175916255225398572e+02	2.901221569145313879e+02	4.227226638621153256e+02	-2.767495982832742243e+02	7.101399380014785834e+01	6.247320422462061060e+02	-3.913598876833410714e+02	-1.902704455065818649e+02	2.384148629580189152e+02	-7.010348825593911215e+01	1.372604222804561402e+02
1.189885313387155747e+02	1.981641572971005019e+02	-6.034380832561750196e+01	-1.725756511426203019e+02	-1.154643026832969355e+02	-6.665467389628977912e+01	-6.339953698950921535e+01	1.010971975644555840e+02	-8.359215975187784409e+01	-2.492076753380412413e+02	3.729948249675443606e+01	-6.885477005422544039e+01
2.291056561048917501e+02	-4.247414094816475654e+02	3.055574776857679353e+02	2.214121478035524717e+02	-3.549416811182092601e+02	-3.477616259716163682e+01	2.304811798851476112e+02	-2.089243644223118679e+02	-1.117986182778606263e+02	2.382138587542928860e+02	8.719468327452666756e+01	1.506018252401958648e+02
-6.736698392339525299e+01	-7.541563260505490973e+01	1.466266687382814666e+02	1.795024763988926679e+02	1.810312560178510921e+02	-6.413294783308757019e+00	3.263828564596920501e+02	1.610427774105389460e+02	-5.519880590250259900e+01	1.116681896803461740e+02	-1.690471902061534593e+02	1.613479558752040930e+02
1.431078371677378698e+02	-3.546615630322711610e+01	2.389944810196569236e+01	-4.003376782153449831e+00	-1.963702563217022146e+02	-1.309013629485872343e+02	1.819444961314607951e+02	1.053702223027448639e+02	-3.414621961961296961e+02	-2.666725950246896559e+02	-4.580458938323212692e+01	-9.355167792246740532e+01
-6.782168014093832653e+01	2.213110006562180274e+02	-3.724214813750049302e+01	1.170317217541440016e+02	3.262020699644549495e+02	-3.890111503238410506e+01	9.375245175006573106e+01	2.015084636965376319e+02	-2.387537780886665360e+02	-1.566524489096247805e+02	-2.625572853211793927e+02	1.821359515490198646e+02
1.095778270605888309e+02	3.174767182946015254e+01	-5.678869151696120809e+01	-2.125892591976723622e+02	-2.031105531293178501e+02	-2.424240079488904769e+02	-1.078809839497204592e+02	8.876577829939431297e+01	-9.159514444292331348e+01	-2.901562697204128085e+02	4.141912034390652053e+01	-7.375539769666229972e+01
1.321870694038788940e+02	7.319197791649283147e+01	-1.712680906838092767e+02	-2.147299295585315235e+02	-2.028300104092203071e+02	-8.210858732072797750e+01	-7.678197921150992045e+01	-3.808848206238949530e+01	-1.333682902317393371e+02	-3.166725808354116225e+02	-3.655947697482307035e+01	-8.985967716041227504e+01
-2.225179426420512527e+02	2.384218933655918704e+02	-1.067569537248617451e+02	3.650747543697846709e+02	6.474190784849348574e+02	4.840142076721661857e-01	1.632898996178457480e+02	2.846733233208789784e+02	-1.150800932681825941e+02	-1.581903246924506057e+01	-3.387067827312600912e+02	2.483473654944713758e+02
1.654170103692787279e+02	4.568773034915363951e+01	4.640367011675701292e+01	2.399989862792691753e+01	-1.309334967796553713e+02	-2.432346891450713713e+02	1.226883455040001536e+02	-5.347734837835530186e+01	-2.414017033925662759e+02	-3.736473969612317205e+02	6.486627288127653657e+00	-2.181219766015134809e+01
1.411212856400057802e+01	3.821673185254479677e+01	-5.287010599490366047e+01	-2.605587335855472020e+02	-1.739574956696739889e+02	-4.588277724872765084e+00	-6.289233266990816418e+01	3.310956198121443350e+01	1.086206668114464406e+02	-1.243116086996446654e+02	1.128777829660748324e+02	-1.397945261988841992e+02
2.267422325268126713e+02	-1.584282614402632419e+02	5.666964286420915542e+00	-3.108230016626783367e+02	-4.815564484049087355e+02	-9.936155547188587178e+00	-9.943822942016139166e+01	-2.011022366396990719e+02	-3.676669438939483570e+01	-2.447651428612879272e+02	2.340168532837812734e+02	-2.332874195297411859e+02
-3.249865661401721582e+02	2.819977075166559075e+02	-1.276998204444694665e+02	2.679711557929472860e+02	5.729704597337603218e+02	5.007546629481868194e+01	8.590847172581554503e+01	2.109478804682032091e+02	1.190929895113250403e+01	4.691321286077371866e+01	-1.586889481101000001e+02	1.116585018521390111e+02
-1.233675485367802622e+02	-1.683327927737092296e+02	2.347116196491298581e+02	6.085154682588124615e+02	3.395529426650703613e+02	-3.365421456120449051e+01	5.658720096082543023e+02	3.666533221140569765e+01	-8.927296079283938468e+01	2.557519521228408337e+02	-3.387213284891539615e+02	3.463120708950810354e+02
-2.895891004447675527e+02	9.481153183942095097e+01	-5.418807070146550586e+01	3.303540954485374073e+02	5.336449696639740523e+02	9.481764159491123678e+01	1.745424428973484225e+02	3.938155350485203599e+01	8.176545892432969254e+01	2.701807471819354305e+02	-1.382069199063986673e+02	2.159257274190351268e+02
-2.674112375105299293e+02	2.170075157529416572e+02	2.735923453487669832e+01	3.308340489286249522e+02	5.206433689582160014e+02	2.977971829266654069e+01	2.361828262931841493e+01	2.107391747297573943e+02	5.901903172155520139e+01	2.556201868872322791e+01	-2.404115242721930770e+02	9.602314038949782571e+01
1.847795715606268345e+02	2.854428331735167745e+01	-6.906805852267525836e+01	-9.078443164345993921e+01	-1.419055904256181577e+02	-1.981039992274570523e+02	1.724669025722818674e+02	6.802621035732197186e+01	-3.178351637200412938e+02	-3.860390080789071590e+02	2.748997196617201055e+01	1.807434164182818748e+01
-2.036642368642511371e+02	-1.046849977150423712e+02	3.530046660206174920e+02	6.461145602703353461e+02	4.148798270218431981e+02	1.288295926637240996e+02	3.978383586375727532e+02	-9.420080210887931571e+01	6.290790907753109451e+01	5.569293956091830751e+02	-2.520806043748329728e+02	3.894879239582454034e+02
1.644159107739054662e+02	3.300718279470655148e+02	-2.229409781424949131e+02	-5.951794560065631003e+02	-3.853470660814759299e+02	-2.245215554149712887e+02	-4.055908112552507419e+02	1.383025627219056446e+02	-9.659584674787342351e+01	-6.026634666061671624e+02	2.758394696634027241e+02	-2.924464594710813685e+02
7.148440776609059810e+01	-2.419925176197246799e+02	1.813158944315649137e+02	4.024957457254186011e+02	6.089387879950856330e+01	5.018773847318597348e+01	3.170941287659994714e+02	-1.219449862085606213e+02	-3.928576509719128751e+01	4.882681205893559309e+02	-1.377824394225002607e+02	2.101476924461356361e+02
9.719490389097860827e+01	2.286391734055303857e+02	-2.948200114526260851e+00	-1.172321513545365512e+01	3.707383143015866978e+01	-2.544483942694418204e+02	1.082572582679314337e+02	1.414687170209068086e+02	-2.792926046113526581e+02	-3.667227307840487924e+02	1.217102040807456831e+01	-4.425779015756027945e+01
1.403712847630586111e+02	-2.041434735642941405e+02	1.305656444432993339e+02	1.649747255075327246e+02	-2.410467509880189709e+02	-1.925035456647707974e+02	2.000075756314013802e+02	-1.201423999398555225e+02	-2.069135330718785895e+02	-1.623938257503951661e+02	-7.233528672915059587e+01	9.110505803577102313e+01
-6.968444064490572032e+01	-1.534154564691284506e+01	-1.414566470807473877e+02	-1.303929875055378318e+02	1.014602068820603264e+01	1.431855206474660918e+02	-1.679259892210154703e+02	3.144440293279183507e+01	2.403580453609691574e+02	1.430226112349179175e+02	1.034442566911388610e+02	-1.089918200431669391e+02
1.287164212891164823e+02	2.552538855814256067e+02	-2.185866411151322950e+02	-6.417372546244893101e+02	-3.945630073248032659e+02	-7.353215943578831570e+01	-4.655418851828167135e+02	4.327285745765284020e+01	-1.182200352957321456e+02	-5.382618744739137355e+02	2.894442955554486048e+02	-4.099089959839275252e+02
2.873429138783906183e+02	-1.621818244994231293e+02	4.815924367323211897e+01	-3.186543426775268699e+02	-4.608591319337836580e+02	-6.507225854064118664e+01	-1.186693050626966368e+02	-2.247065272345103608e+02	-2.045856762313336130e-01	-2.210275049285192210e+02	2.148821725223438932e+02	-2.463722214778844375e+02
2.099252198750399998e+02	-1.480264669712488868e+01	7.342579387643881716e+01	-7.608530366950351720e+01	-4.767825273865917524e+01	-1.126791463059912530e+02	7.478332203039303749e+01	2.494227689587832586e+01	-3.143967206651873312e+02	-4.519639623238553554e+02	-4.624883369446083492e+01	-6.185103934710178919e+01
-1.762846352819767901e+02	4.395195862175772845e+02	-2.893049320499047781e+02	-1.824595587296171288e+02	2.866184075440411902e+02	-1.006516871981592764e+01	-2.318027105275575934e+02	2.223037151343832249e+02	-5.211334235713114538e+01	-3.105051839554822664e+02	-2.686474187969553995e+01	-1.673676177540212962e+02
-2.435636952538103230e+02	-9.207046062079129456e+00	4.912948648207751035e+01	3.759349934001879774e+02	4.772502137058731932e+02	2.098315137069940306e+02	1.421349158704609010e+02	1.971021500632706704e+02	2.034377466543503843e+01	3.157661819416594540e+02	-1.679711123910840342e+02	1.792570119496101881e+02
2.814952483362178555e+02	-3.190291578435188740e+02	1.845580993339062275e+02	-2.148675161020209714e+02	-5.413139089471485477e+02	-8.034298813332461009e+01	2.446888653316983309e+01	-1.454486232117782265e+02	-3.442236775034876928e+01	-1.598495685300816262e+02	1.536431914526582432e+02	-1.912941125482115012e+02
1.306096821959044973e+02	1.554272934890841782e+02	-3.218873321298826227e+02	-6.239923141947076601e+02	-3.636517259948465153e+02	4.821423460901052493e+01	-4.853562055676367777e+02	7.251258291273099132e+01	1.239084076998253465e+02	-3.359597350220339536e+02	3.288824195359362079e+02	-3.391251318585663057e+02
-1.102377721106358308e+02	2.642521290497250561e+02	7.809077402078538910e+01	1.002455573091897065e+02	2.208789508391862739e+02	-6.796830140997684566e+01	6.674922962698151707e+01	7.432553222522967928e+01	-2.722326563497964003e+02	-2.291209772371998952e+02	-2.309516146284335889e+02	4.838271571421166328e+01
9.028728286796996372e+01	-3.852046348881517588e+02	1.776204509156295899e+02	3.259166130835143917e+02	8.387331737006380183e-02	9.358651172514731797e+01	2.601346743608705196e+02	-2.543522946060308243e+02	2.581919893514808351e+01	3.744330422943136227e+02	-1.086105643855940315e+02	1.481172007735751492e+02
-8.888878388201420933e+01	3.689064619049544262e+02	-2.358020087170232841e+02	-2.975767779365852448e+02	1.030456018072712254e+02	-2.845832509660247567e+01	-3.229358059917408355e+02	2.672372334019938194e+02	3.939369651688694063e+01	-3.243604133703620960e+02	-1.083062416241196324e+01	-2.094627812526547075e+02
9.757506688694162733e+01	2.898102186421334281e+01	-5.992395478201130743e+01	-1.604663993400297954e+02	-5.767332315901671080e+01	-1.815943544321227137e+02	9.530763441894606558e+01	8.680645288270049775e+01	-3.268891708019331190e+02	-4.470474147637972351e+02	-7.400586363978382565e+01	3.053785897330120847e+01
1.553555189215963139e+02	-2.690632206009473180e+02	1.754992377785258952e+02	2.456583237938993136e+02	-2.608917362560839592e+02	-2.324394806285934933e+01	3.750425715883188218e+02	-1.768016303371117317e+02	-2.135545685495493160e+02	-8.736039512246873073e+01	-5.891521787162947987e+01	1.706466854196580698e+02
-1.892786527373370973e+02	1.508131975862370098e+02	-5.614890148055307861e+01	3.962076313655144872e+02	4.877070253578668257e+02	1.450407351549204691e+02	8.040485100662205298e+01	1.764874699235087121e+02	7.152119955892750625e+01	2.361722041050640541e+02	-2.006692315528134429e+02	2.096193563071918504e+02
1.487048358690310863e+02	-4.586222937815253431e+02	3.279081462260898547e+02	3.426749445281590170e+02	-2.098038879989077259e+02	-5.487533866866909449e+01	4.926607061558552800e+02	-3.384644024894560062e+02	-1.924744406143412618e+02	1.581088503510417809e+02	-3.658139413714087596e+01	1.091074396400398427e+02
1.518768907474844809e+02	1.612638824336758034e+02	-9.521088861880787135e+01	-3.526390365931720794e+02	-2.641020936656072422e+02	-1.254926391634289189e+02	-1.588220823660285816e+02	1.239649202681528379e+02	-2.749788369504655066e+02	-5.744411109240259066e+02	3.387702656151815006e+01	-1.374025210306760414e+02
1.031839612156492052e+02	-3.155779981588286205e+02	2.241283739852243286e+02	1.520118898225218516e+02	-1.767178215492685638e+02	-1.710452527317119120e+02	4.379067854285342491e+02	-1.914476726423548882e+02	-1.987449674592294571e+02	-2.553296755304564902e-01	-4.613960962207356964e+00	1.613374493852507499e+02
2.160450610936172211e+02	3.593140066360351170e+01	-1.107095183755663186e+02	-4.758213679354933561e+02	-3.562184359702937968e+02	-6.269103938060901982e+01	-1.628791082681954663e+02	4.618947110307759374e+01	-3.444525870183880301e+01	-3.226150111622863506e+02	2.167641092223849171e+02	-2.366574603189844197e+02
4.760050838245577154e+01	-4.968281579645724122e+01	-2.984482178340607472e+00	1.272088624094256062e+02	-7.706789352132899396e+00	-8.736650689866395680e+01	1.272165781489158149e+02	4.397398848851903352e+01	-1.861727271155212122e+02	-2.826954434884663101e+02	-8.489055045797655907e+01	-6.766542802635881060e+01
-2.412294373142063080e+02	2.299770517903117195e+02	-5.076218600338659570e+01	2.463858399064125422e+02	5.452139456049305863e+02	5.855724800699876198e+01	7.532687824708499136e+01	3.100201685287249802e+02	1.366161912434924730e+01	2.511585111860048514e+01	-2.596260408247361511e+02	1.254575896393045724e+02
4.104304605498671066e+01	-3.893695387198490607e+02	2.497206741795757523e+02	2.828508676920384914e+02	-1.516262498965681118e+02	4.095967110051366689e+01	3.371119081444213066e+02	-2.426729079276923073e+02	6.392217600461471250e+01	3.241627687383090120e+02	-1.252921517501685855e+02	1.205420327482297296e+02
1.131218069981759129e+02	-3.171027377896194821e+02	2.502507395340522862e+02	2.131532986087611050e+02	-2.062181678037027837e+02	-8.422138207043180103e+01	3.284984341963927932e+02	-1.808939854690280242e+02	-2.874655179520875095e+02	4.384594486296673921e+00	-1.786866809594191352e+01	7.150088592581710145e+01
1.055791970151555574e+02	-4.638464149805862462e+02	2.989012732028415940e+02	1.501741036788839097e+02	-3.439128751351096298e+02	-5.826965064545935746e+01	2.659472148827299520e+02	-2.887919256548644285e+02	1.010130496512331000e+01	1.799227501018410464e+02	1.246206486209888986e+01	1.697636589444561750e+01
-1.016834704061700592e+02	-1.046283496221793570e+02	2.925758270436525521e+01	1.390145430535894775e+02	2.041509656644189477e+02	7.327119819049009664e+01	7.666460351806026097e+01	3.310224034522236902e+00	8.797586536725040673e+01	1.866575067770173462e+02	-2.693901563782513620e+01	1.181270883952430211e+02
3.958729306554495508e+01	6.324748584183538469e+01	-2.126413823151792144e+02	-3.070736567379861981e+02	-1.254920414110129201e+02	5.069455048835602895e+01	-1.991266516171530725e+02	1.118706399980339370e+02	9.835807280291332688e+01	-5.443894342705252853e+01	1.338050252477695494e+02	-1.597191987409235026e+02
5.690391126651039144e+01	5.045601693015481715e+01	-1.904972840169754988e+02	-2.908474833676520461e+02	-1.490582328021128546e+02	-5.596848609553882881e+01	-3.541919529890996614e+02	-2.288667562695262170e+00	1.433190436779783568e+02	-6.963660207884407782e+01	9.803564585203587001e+01	-1.719876338573308203e+02
-2.257929508066099515e+02	-3.482233645711826853e+02	1.867190703783695938e+02	3.884250547028714209e+02	2.537686920097918915e+02	1.135798891769276509e+02	1.866967164532675554e+02	-2.883051062046425628e+01	2.524931886673320776e+02	6.724731612511933463e+02	-1.408547177527594840e+02	2.671275592201466793e+02
4.711639943816682319e+01	-3.102689744901720701e+02	1.955422695695551170e+02	3.855099946217065963e+02	-6.860301987474376517e+01	1.047703573801389751e+02	3.229591028159863413e+02	-1.167704551873565748e+02	5.306991762102784804e+01	4.496091925818064396e+02	-5.040951768327752092e+01	2.037229655254894851e+02
9.792734445424807177e+01	2.206517813647867570e+02	-2.324744279745696929e+02	-6.449366426023300392e+02	-2.551198154251988797e+02	-4.005736709484342839e+01	-4.955683062672879942e+02	4.653699331119733529e+01	1.874391694539654907e+02	-2.448209376694474315e+02	2.892106448616094099e+02	-3.003315491015316638e+02
-3.655294099246457051e+01	2.360906195368040414e+02	-1.095979895056129294e+02	3.932861316016776954e+01	3.070914890570885518e+02	-8.261262290125691266e+01	1.478529826916625893e+02	1.478471357614341741e+02	-2.058471544303314431e+02	-1.834642528457077333e+02	-2.520421783632827726e+02	1.723976891312701696e+02
-7.878636720952189876e+01	-1.090938315764844617e+02	6.159953793644100983e+01	-3.543371772518755591e+01	2.386035162688871836e+01	6.017236796397350673e+01	-4.168876872890597696e+01	-9.046822598554612682e+01	2.374997452525655035e+02	2.808850862935728401e+02	4.944560527022102292e+01	-6.727759027138408676e+00
-2.513495525525364371e-01	4.152196078292293890e+01	1.685107710477092624e+01	-7.570719956103573622e+01	-2.092686621129444973e+02	-2.180703599929167638e+02	7.012687410710986669e+00	9.972333755331790428e+01	-3.381910800420199052e+02	-4.682511586586824706e+02	-4.234539254867222979e+01	4.810320278310820896e+01
-2.479572150250646700e+02	2.479761396757965031e+02	-3.266395324829711910e+01	2.995797992841430073e+02	5.256047315818542529e+02	7.511133294975553554e+01	6.235394896289984956e+01	2.774764215169338399e+02	-2.894764112316112303e+01	1.370016289444436666e+02	-2.341917673246052516e+02	1.928545570004467606e+02
2.069311491707962887e+02	2.219453236083124068e+02	-2.311117247491023932e+02	-6.209217187686651869e+02	-4.620972173857874168e+02	-1.043401418611803138e+02	-4.317439903952994769e+02	1.656806740523767587e+02	-6.805794119057728153e+01	-5.038263802447844455e+02	3.382349526009298302e+02	-3.780290267400835660e+02
-1.238469556358990218e+02	-1.147930437506030188e+02	1.133552690233996429e+02	4.195337716953342238e+02	3.838717939565536881e+02	4.098634827613014409e+01	2.670927038260539916e+02	-2.262510596643808469e+01	1.976512597848207164e+01	3.100233054042655567e+02	-2.375137545352301913e+02	2.924925318197049933e+02
-3.055029739806599309e+02	3.701800642494858380e+02	-1.675652021771453448e+01	4.070410309468788341e+02	7.126088849963115308e+02	7.242000338745619104e+01	1.712206082811311205e+02	2.878218742791790987e+02	-1.402131398909742188e+02	1.648162382286347167e+02	-3.750717253379647218e+02	2.919764902961393886e+02
3.856163217867023718e+01	9.116627851051434561e+01	-5.533061420333915237e+01	-2.800137385249570912e+02	-3.323451126697537461e+01	-5.414302994099640642e+01	-5.153477365939880883e+01	1.200303733712692811e+01	-1.915456449974304221e+01	-2.201058736590240699e+02	1.123220900238378448e+02	-1.075223218622831496e+02
-1.307800153675636921e+02	-1.101978594299688581e+02	9.177100347943424197e+01	5.079511377264426528e+02	2.580377705127743297e+02	-9.081108291756152084e+01	4.740831529343811894e+02	-7.791534823145018152e+01	-1.574108315981901285e+02	1.318373019816802412e+02	-3.749376028579604281e+02	3.022382225382564798e+02
1.105251287473318200e+02	2.320357136414837100e+02	-2.965411457911175717e+02	-5.799634197008510910e+02	-3.625121183511600407e+02	-1.572251276913466143e+02	-3.543139277636626048e+02	1.472230684206640774e+02	-1.757043797722279521e+02	-6.309042254389469235e+02	2.496869662373723315e+02	-2.815549276870921744e+02
-8.838417524192603025e+01	-1.473909839757928069e+02	2.126890032838593072e+02	3.784842330271688979e+02	2.030008934282941482e+02	-3.119837793863605313e+01	3.080838456052516676e+02	-1.138906151990649533e+02	-2.193572842119401400e+02	6.384913284572926528e+01	-2.012622146969566188e+02	2.224372258820082777e+02
-1.559852118842586037e+02	2.745288207142432952e+02	-5.533039135075863868e+01	3.122931328972816232e+02	6.704726451197017241e+02	1.631810330976713530e+01	1.632232246687881059e+02	1.502902217553787239e+02	-1.553797972251017256e+02	-5.870527052034372417e+01	-2.556619287559313136e+02	2.139725590625461109e+02
-1.154602772206271624e+02	-1.596052829920836587e+02	2.054423943763030138e+02	6.490322993257747157e+02	3.698698538527143569e+02	1.870553286799817305e-01	4.690958185031993253e+02	-5.243722872500942600e+01	-1.359118934085689432e+02	2.860646766900772491e+02	-3.063619227772454678e+02	3.468106448062034701e+02
2.200348515973832164e+01	1.826476437980183505e+02	-3.668020804056148876e+01	-1.210031551288860356e+02	-3.544897028597636535e+01	-2.363202785280997773e+02	1.526224456325213055e+02	1.011709233332355211e+02	-3.237522748107093662e+02	-3.454915490806929483e+02	-5.109519797908867389e+01	-4.185718721153029520e+01
2.314007114554568716e+02	-4.329997681189702803e+02	1.869039962430117328e+02	2.635628188812868302e+02	-2.888535892152005999e+02	-1.139445754497334491e+02	3.060664638667844883e+02	-3.696374467156648507e+02	1.497875394191853893e+01	1.892085842360772006e+02	1.255064621880190323e+01	2.528501100750898800e+01
-4.027478170644479150e+01	3.370098922143868663e+02	-2.032538102551272061e+02	-4.353912199383050279e+02	1.000521125358118013e+02	-4.313628876842113868e+01	-3.723266081992032923e+02	1.965051694484396307e+02	3.241137224866945843e+01	-3.092918167114510766e+02	6.999318595652481179e+01	-1.462667713081019656e+02
-1.125579448652846253e+02	-1.283168264959268470e+02	2.643210430730031248e+02	4.815640333218157707e+02	3.177718626683239904e+02	2.180712680923524260e+01	4.940035918110979196e+02	8.818226189149999072e+01	-2.108891847576713872e+02	2.212261900463389281e+02	-3.892000472800293096e+02	2.367563762711696995e+02
9.359421525200956182e+01	-8.240406272995953429e+01	3.073637633252150536e+01	4.860755845273580178e+01	-1.848427389781235490e+02	-1.188324520522556327e+02	2.196464404887033481e+02	3.598135237972554634e+00	-2.595966695610692909e+02	-3.252088141447314342e+02	-6.303521815478610790e+01	-8.010873692941446222e+01
-3.304683243661429515e+01	-8.474746804007386913e+01	1.727237537527534812e+02	1.703499676211864369e+02	2.009009991745310515e+02	-1.032391147619701854e+02	1.766734592316020667e+02	5.096787393086653850e+00	1.419100265602925504e+02	1.486788809638269129e+02	-8.874349166266199518e+01	1.280855138198306804e+02
-5.124493072016611706e+01	-1.721305403608966955e+01	2.537445500522495365e+02	2.306942452979681377e+02	2.417679525777447225e+02	-4.629093810917503049e+01	2.434367261031330258e+02	9.883289890977678960e-01	-9.783472092590146474e+01	4.735178965933224049e+01	-1.947918414393271576e+02	1.348820623242492616e+02
-3.974820593637485899e+01	2.363879033010598789e+02	-3.053993411796520974e+01	6.672494601001658054e+01	1.854184753577540619e+02	-1.140303551390272219e+02	1.068315931536282761e+02	1.000094559938602004e+02	-2.258384953842426057e+02	-2.531611258836547336e+02	-1.833980005496772492e+02	3.896349970711272448e+01
2.358833654649067455e+02	-2.352619831168028099e+02	3.699687672022263740e+01	-2.065468064864481619e+02	-5.610444002995947130e+02	-1.806453464855532047e+02	-9.861289927454301107e+01	-2.885471786094125264e+02	-7.986454154937176497e+01	-1.410183934634241609e+02	1.871984383607786810e+02	-1.699877542719595738e+02
3.718098097079417386e+01	1.423976067092688993e+02	4.452812758460907361e+01	-1.791163755025139324e+02	-1.713075336765399754e+02	-1.794403446167573861e+02	7.730292804694745712e+01	1.023015350628183455e+02	-2.805212948706211478e+02	-4.912397625247908195e+02	-9.148788322390709027e+01	-3.184749283430176803e+01
-2.931588140628726933e+02	2.646373379494095843e+02	-8.343391325788236657e+01	4.864861315995223663e+02	7.819824770384154817e+02	7.001104630045850286e+01	8.727847398193515005e+01	3.107124581110533086e+02	-1.496462217384125779e+02	1.231491658380479493e+02	-4.107132509663832138e+02	2.503473037371898613e+02
2.612955178100556353e+01	2.200190100054721256e+02	-2.613337767241873166e+02	-4.069660504520032873e+02	-1.503622246714254516e+02	-2.156533145795039275e+01	-2.785808507023490392e+02	2.020616998441931287e+02	-4.685246384687298615e+01	-3.732329077593498710e+02	1.847926624087490950e+02	-2.588227093474518483e+02
-1.587009600949759580e+01	-2.577741212595274192e+02	2.853203177743139349e+02	3.889506480954047447e+02	2.148567005703696680e+02	-3.897479423719628500e+01	2.775273113439558870e+02	-1.510312038516276232e+02	6.268094118181698349e+01	3.809180642307052835e+02	-1.371378136461258066e+02	1.933441197794088282e+02
4.841605386698226710e+01	1.353776639773343788e+02	-3.421092527766602132e+01	-2.977959900142456817e+01	-3.550603543088610792e+01	-2.047565618186548591e+02	6.325596374002300593e+01	3.193250348256811577e+01	-2.784781411275758387e+02	-4.349446325663237189e+02	-3.701792612947170369e+01	-4.497454417427079676e+01
1.816826266521493096e+02	-2.520125091361163925e+02	1.987194857153492080e+02	8.099849740894153172e+01	-1.613036817603356496e+02	-8.945209160769495327e+01	2.807866885578505389e+02	-4.753077021363846200e+01	-2.883119036382199738e+02	-7.484126209201114932e+01	-9.342421313899158974e+01	6.297762881211930619e+01
-1.881579203271489575e+02	-7.201855663357189030e+01	1.411678904115696866e+02	4.383359628092889579e+02	3.979780432808122441e+02	4.651407745553154172e+01	3.177201036289380340e+02	2.691342092028649446e+01	9.025607092578113111e+01	2.515531412849890387e+02	-2.017679697992832928e+02	2.088636785210467508e+02
2.241788712904798899e+02	-4.125537798207136007e+02	2.783377823483110092e+02	3.375053577773101665e+02	-1.855979009614974871e+02	-1.559022622859542082e+02	4.730233890337431149e+02	-3.327189160022876990e+02	-1.566788349666787212e+02	1.771328087349751286e+02	-8.897104526675987302e+01	1.405371501876487059e+02
1.393767172661484199e+00	2.993261678080233068e+01	-1.458777331290437189e+02	-1.141738579869290930e+02	6.163013444710841782e+01	4.016138008738948884e+01	-1.934356977549451813e+02	-3.925676377498168002e+00	2.662705509529142205e+02	7.771145505294157374e+01	1.304525925520108558e+02	-1.139388399886742178e+02
-2.607788190725993331e+02	2.210597976548464771e+02	-1.075038076968880745e+02	1.940617925666059875e+02	4.838637770900245414e+02	3.284941362472864768e+01	5.840674747509179099e+01	2.584552172279986735e+02	1.284804244758201719e+01	1.023075475523042712e+02	-2.849038051232533917e+02	2.215500090678812910e+02
7.741274796669293323e+01	2.483289937990807630e+02	-1.321871688017033648e+02	-4.328457872119683429e+02	-2.203601728405059532e+02	-1.330454050555246397e+02	-3.183352324771166764e+02	7.927154122586222229e+01	-1.132045507087021576e+02	-3.482886770822536846e+02	9.655284174242041217e+01	-2.005717058276562454e+02
-2.234204312136518524e+02	3.500786248621939194e+02	-1.941006011547947310e+02	1.631060617211980457e+02	4.677119987058429729e+02	5.594912753234262937e+01	-1.799343830530042680e+02	3.861510800735042608e+02	4.916384009042218395e+01	-3.193146969338418728e+01	-1.226274512597451434e+02	1.096146054201960141e+02
-4.890140964916558914e+02	3.700189118724423452e+02	6.934559503992993257e+00	5.192892153230166059e+02	8.792060162286604736e+02	1.610532310967128069e+02	2.614007476174018052e+02	3.803851643545481807e+02	-1.407973951236453729e+02	1.791523226461088143e+02	-3.572405547962774790e+02	3.590265304525319152e+02
-2.738218541129531332e+02	2.707263564507881028e+02	-4.183042650753252190e+01	3.678741891926717358e+02	6.193156553640302491e+02	-4.561782836387255458e+00	1.750965033948786527e+02	2.299819819168990307e+02	-1.017043819256209218e+02	-5.544845029141233539e+01	-3.510319989514171652e+02	1.950026313290628650e+02
-2.746106001970085231e+01	-1.186479693802695401e+01	2.525728903638759348e+01	-8.197552152271038040e+01	6.694460634421714929e+01	7.933498360569893748e+01	-2.077707962626149367e+02	-4.903548165035110173e+01	1.641452395663843618e+02	1.894544790100077876e+02	1.780100748993731088e+02	-7.478458256407562033e+01
-3.571685680159987442e+02	2.075164646968921147e+02	-7.007507261168812818e+01	4.920454570893455752e+02	8.810653793912388210e+02	1.026945794066473283e+01	1.920936363620727718e+02	4.168569420352833959e+02	-7.535396506237542269e+01	1.473240469881199601e+02	-3.932058317668339100e+02	2.920217079609572579e+02
1.043490461865290513e+02	5.251423491607173588e+01	-1.000571619982692937e+02	-2.187805991502800680e+02	-1.317435229544216782e+02	1.061212283782935373e+01	-2.075977893875881648e+02	-9.543709059806182893e+01	7.914956839827783419e+00	-1.335017722502339268e+02	1.191184618834177940e+02	-1.530684501195765677e+02
3.028771270036373267e+02	-3.910719605579315612e+02	1.822908059737955568e+02	-1.103167855951098915e+02	-5.213081757558258005e+02	-6.277147087448955176e+01	9.349969674736041725e+01	-2.620227575825894633e+02	4.244379139874739337e+01	7.185513460544295583e+01	1.511000181117617842e+02	-4.883628310494329128e+01
-8.189346826865470774e+00	-2.030009772346508043e+02	9.220178916215712661e+01	4.465938276714597350e+02	2.667965393401515826e+02	1.112857575957955021e+02	3.357084827111273171e+02	-5.417171211673574760e+01	4.076657680023977548e+00	2.984830552911476502e+02	-1.365539768599901151e+02	3.224333822132388718e+02
1.393417955232472316e+01	-8.651926447605291060e+01	7.092443434822192216e+01	4.688632925926208372e+01	3.784598274604675083e+01	1.594424496532286355e+02	-1.532173205303479904e+02	-7.591090644354100903e+01	2.225901580713883163e+02	2.348072771378168113e+02	7.641107746421130287e+01	-2.785746519280503364e+01
-7.941348333168929230e+01	1.789557912921483478e+02	-5.834562131211565372e+01	2.111309376541539393e+02	2.845198285669861775e+02	-3.673548679218678359e+01	9.624545188336476542e+01	1.792958347375229096e+02	-2.164529853610655721e+02	-2.347297378466869873e+02	-1.384094176329758739e+02	1.018295283699626310e+02
2.258061101490589522e+02	-2.255442346704200247e+02	8.559618619090385039e+01	-2.469547164232172634e+02	-5.647484626768053886e+02	-1.110665206724686556e+02	6.352635901541174235e+01	-2.264142423924846810e+02	-3.631833744330209157e+01	-1.914119457241775706e+02	2.564745239185362493e+02	2.283107437061390410e+00
1.322160420623376069e+02	1.102784753702090939e+02	7.423640818750467929e+01	-1.153070463017713365e+01	-1.445986697487880974e+02	-1.982146211614629578e+02	8.016870472487602228e+01	7.648537208994467562e+01	-1.951807423655675677e+02	-1.858301966936142833e+02	1.512082047303196575e+01	-8.881387863680511430e+01
-1.229949042704384254e+02	1.844236022821260690e+02	-3.769684694173977135e+01	1.564727018088194086e+02	2.107421705764414810e+02	-1.914198457059019347e+02	7.582889044032438619e+01	2.417197646085222402e+02	-2.159516624290429263e+02	-1.791881078071845650e+02	-2.129767061945952378e+02	1.003211953892699881e+02
-2.072903973382123866e+02	3.871135889203720808e+02	-3.061210722722141782e+02	-5.183847299014768595e+01	4.084678093762085496e+02	7.480359647701790493e+01	-1.864611620403183849e+02	3.508462019799979998e+02	5.736267798448794508e+01	-1.395694032185710682e+02	-6.868673815347780476e+01	-2.287340675610426999e+01
2.669956763939175204e+01	-7.378534527428774936e+01	1.388214556418433858e+02	1.225954207597572321e+02	1.259541678009861698e+02	1.320881838684285725e+01	2.494858671372514323e+02	1.049434234481995176e+01	-1.444090850749300330e+02	1.889901005307081050e+01	-1.417327506924925160e+02	7.773606387376555915e+01
2.355406423065261379e+00	6.694128340778578945e+01	-1.288451420532398117e+02	-4.407913177751486842e+02	-2.392135167518700882e+02	7.761247231587590534e+01	-3.748065574851908082e+02	-5.046190626268941770e+01	1.832382365403467475e+02	-1.292483506985433621e+02	3.002820859605715782e+02	-2.489551624136889814e+02
1.780292051051868611e+02	-2.040677773605139578e+02	2.336170203189309973e+02	1.986457853696611835e+02	-2.385472799180299717e+02	-1.053752062032642840e+02	2.605616255146181857e+02	-1.692658753591027505e+02	-2.321388404494403801e+02	-3.817616836964778315e+01	-1.244209047269831530e+02	9.871287768268889806e+01
-3.774479303059258655e+02	2.754961426551797103e+02	3.271018322776075848e+01	4.771408988991869364e+02	9.714543206858027133e+02	7.850231772698452914e+01	1.885473612833378070e+02	2.901660849228092047e+02	-3.714503011630128526e+01	1.461084073993143022e+02	-4.967148358954212881e+02	2.546179317030780851e+02
1.872574291409147804e+02	-4.054489383811225593e+02	1.860973901018543586e+02	2.768192389873722163e+02	-2.236423532685952011e+02	-5.687772664411687629e+01	3.807892229406853062e+02	-3.311604140260669169e+02	2.832942997249832473e+01	2.404185023763286324e+02	5.362794436246395513e+00	9.063549108264271581e+01
1.468092368537961647e+02	1.800979578267313741e+02	-4.509869003290098988e+01	-4.732607593441272797e+02	-2.804997216473721551e+02	-2.018593051710640509e+02	-8.645612078897043773e+01	1.105016615335566001e+02	-2.712952644506431739e+02	-5.297596191533630190e+02	1.887449809610641864e+02	-2.034646915548757420e+02
-4.032850302457037373e+01	3.842816057375930541e+02	-2.572548209704963824e+02	-2.679378499669786606e+02	2.639146117379288512e+02	-1.637890983351768526e+01	-3.618159214689243868e+02	2.159060875930772170e+02	-6.187865623006427995e+01	-3.822303670231543151e+02	-2.061136860537775917e+01	-1.055666640031455188e+02
1.696186868518410904e+02	2.126881071906614551e+01	1.667544883023364477e+01	-9.730096202540710237e+01	-1.311314523018817511e+02	-1.089351847038811485e+02	1.470297416486141060e+02	4.254148068748474287e+01	-2.613324311798913300e+02	-4.593210359695599436e+02	-1.839339576994978742e+01	-5.323202109897616197e+01
-3.130530795543911609e+02	1.165467279257102859e+02	6.711639227555110665e+01	3.303624881054710727e+02	4.633169092772285467e+02	1.425208084417188843e+02	1.505841515271469859e+02	1.233384199365408307e+02	3.630870995991545414e+01	3.102390907749568782e+02	-1.466750793646055797e+02	2.248157351462509723e+02
2.564763306310849202e+02	-3.838325555253942412e+02	2.245245312236239954e+02	1.149381842514643992e+01	-4.551274295481903778e+02	-8.237555634462829346e+01	1.149389550385894125e+02	-3.145551264164077452e+02	9.574475358263207170e+00	1.845666736311583236e+02	1.551360579181905450e+02	6.487247599073755566e+01
-2.181161845973352058e+02	-2.773105592103790968e+02	1.763890344675726283e+02	4.764233998192794388e+02	2.891031767635900565e+02	2.334348687931338588e+02	1.849032209307030143e+02	-1.302245814269269601e+02	2.380196437669160616e+02	5.777137819684155602e+02	-1.305993154524234967e+02	3.229612256731917341e+02
-8.843478901628839139e+01	3.423593434972657406e+02	-2.281992838540867297e+02	-2.755583753640584632e+02	1.764717390519809612e+02	-1.794123058376947810e+01	-3.014013964313155611e+02	2.971955884844763318e+02	4.025009897870566533e+01	-3.681748519965598234e+02	2.771749452107085432e+01	-2.070551064619975818e+02
-1.095085684460688782e+02	-2.184929974499104048e+02	2.659566683941535530e+02	5.748240455191532874e+02	3.650243748836446116e+02	9.554337601775580424e+01	5.390654625828562985e+02	-5.548069304517157718e+01	-1.245903299867291594e+02	3.568172362344887460e+02	-3.440369104811839520e+02	3.439446212834749304e+02
-1.423680410059180588e+02	3.968317665128042790e+02	-2.309290687875152912e+02	-1.924246663593538642e+02	3.704026518573268731e+02	-5.791684717304214303e+01	-2.842876122887557244e+02	3.180812451703997681e+02	-5.986123742253461444e+01	-2.652923676410593998e+02	-5.587289961623341128e+01	-5.146988706390917656e+01
1.283546112626461024e+02	-1.338708308892871344e+02	2.035224307001086572e+02	1.629930689324532125e+02	-2.450552178377099608e+02	-1.135260086236316965e+02	3.509924586429721671e+02	-1.945757694201592187e+02	-1.959303681060080748e+02	-5.765616809511977436e+01	-1.021110020617984731e+02	1.062965061643709390e+02
-7.913652555592354076e+01	3.838118236126249485e+02	-2.591896989526990751e+02	-3.289207110289779052e+02	1.529579032122400406e+02	9.490776831388316737e+00	-2.395387419600925796e+02	3.530121386818939868e+02	-3.792085013932642568e+01	-2.760994300867891411e+02	-1.128824608589268585e+01	-1.606856306625067816e+02
-3.295151046994893136e+02	1.751296550148058486e+02	-4.246629592147085575e+00	4.005876105263370732e+02	7.452529046106449186e+02	6.602070704249173616e+01	1.351601544245409912e+02	3.545514311396295284e+02	-1.921568230455468722e+02	2.735605283628993334e+01	-3.222990852799132995e+02	2.593555359870850907e+02
1.181967804772159667e+02	1.063979466623237897e+02	-1.492658951164511052e+02	-1.957174342876980688e+02	-2.178729611708522214e+02	2.768537157253767145e+00	-9.043116621201269822e+01	4.446399773843640446e+01	-3.394819882449964865e+01	-1.774029383830967390e+02	5.839649027130732861e+01	-6.293652686656302819e+01
-2.358957373251521972e+01	4.008217351696312676e+02	-2.814947053679599094e+02	-3.130335678458860116e+02	9.502827578351026716e+01	-4.384936603149633072e+00	-3.139112562433846279e+02	2.479657340648702757e+02	1.437718693612536391e+01	-3.180514673088757149e+02	1.066959333216609735e+02	-2.075021739462263213e+02
-2.487552344652654028e+02	-2.381847787658033155e+02	2.789993811839566433e+02	5.363280047350235691e+02	4.766999415693863398e+02	1.511165668958384742e+02	4.266977838263783269e+02	-2.007943732513123081e+01	1.650246123281346229e+02	5.964473511206966805e+02	-2.407597609538042605e+02	3.484716456489822463e+02
8.900977524694116738e+00	-3.055583058232799090e+02	2.107526809311759450e+02	3.762709834363772075e+02	1.619715721206015644e+02	8.264036078336992830e+01	3.458985017923768055e+02	-1.276256752588973171e+02	4.371688390976780170e+01	3.610375212254104440e+02	-1.943375881069951845e+02	2.308521575599391724e+02
4.615284018955563994e+01	1.852634676176771791e+02	-1.808395157030600586e+01	2.623305045165981753e+01	4.306239477776663449e+01	-9.163660592913994662e+01	4.979273623317045150e+01	1.309979953736820164e+02	-2.172191428001618760e+02	-3.451215782973475257e+02	-2.533706551170355112e+02	4.752714281517070560e+01
1.973253206712768417e+02	-1.231746168162580801e+02	-1.335361876067358082e+02	-3.603537997961452675e+02	-5.003592454507157186e+02	-3.216530571727977161e+01	-1.766685325601352190e+02	-1.144245324332377436e+02	-7.613520223460712444e+00	-2.337524234823731319e+02	2.828535891789943548e+02	-2.008663736619202496e+02
2.726621558924335318e+02	2.856423307882002973e+02	-8.240007291096172537e+01	-4.128135367244611302e+02	-3.672749594145165588e+02	-2.704637284090671869e+02	-1.846007964376898940e+02	8.029714048202883703e+01	-2.956349663267928349e+02	-4.969323008820206269e+02	1.524725644480537312e+02	-2.330396398726929590e+02
-1.302032107919102373e+02	4.824599838217450269e+02	-2.551408581241343256e+02	-1.285140378276431079e+02	2.292123910907590130e+02	-5.427840661986342496e+01	-3.104188716506238848e+02	2.851403011888131118e+02	-3.401018720558320041e+01	-3.111177652004146807e+02	-5.672338259723415632e+01	-8.693351966935179576e+01
6.317479984662966075e+01	3.283263764619516412e+00	2.546989215483218771e+01	1.255940801581799438e+00	8.256988439548731407e+00	-8.452764480381046042e+01	1.968894036645828294e+02	1.635674544353387105e+01	-1.588567092728853822e+02	-3.252205651960823047e+02	-5.815573955437361064e+01	-1.611819124538205728e+01
-2.912682139260383707e+01	-3.719229243019528326e+02	1.815842367289577055e+02	3.737911753068739245e+02	1.877670692207103897e+01	7.498182912086750207e+01	2.994764396443154624e+02	-1.499157065554682049e+02	2.148287803371836802e+01	4.004373668321380251e+02	-1.325394647567812285e+02	2.836163079466431327e+02
2.879600064603836174e+01	3.179906556445462229e+02	-1.777952727850755821e+02	-3.311315748398772030e+02	-8.741170043776865839e+01	-6.309786816788424346e+01	-4.910405960676405357e+02	1.741780598704943088e+02	9.382856563338689782e+00	-3.530960346068988542e+02	1.225805366450210556e+02	-2.863759202750513850e+02
1.461307944503429894e+02	2.785586128676348494e+02	-2.737320307189991695e+02	-6.335210513111903765e+02	-3.195937645779748664e+02	-2.253110361720628418e+02	-3.514814242728194245e+02	1.248403554056254592e+02	-8.420466798866677038e+01	-6.006254151809529276e+02	2.953028013583256666e+02	-3.234164973161419425e+02
1.622875414424965470e+02	-4.499762933562133753e+02	2.024162540378233643e+02	1.337999231708928960e+02	-3.637024013775520075e+02	-6.216052761568344920e+01	2.199773767434253671e+02	-3.936503971224569227e+02	-4.552161643817830594e+01	1.827552994156626198e+02	1.354522033502407226e+02	8.278103637700122874e+01
-4.482014009203518157e+01	-1.982367274994838056e+02	1.799276171345641728e+02	4.466163781163477893e+02	2.349172091068716099e+02	-5.441695046095837540e+01	4.235840686823749479e+02	-3.442588982163604783e+01	-1.454785525559811958e+02	1.143687405708106724e+02	-3.469668254739480062e+02	2.813705765270152597e+02
1.812070149970918180e+02	-2.206929365605355997e+01	2.815946709301512030e+01	-7.966958852919434264e+01	-1.363934184017389555e+02	-1.420740569226272783e+02	1.647025540941044426e+02	1.731036644599316077e+01	-2.914256146832062768e+02	-3.693456071063120021e+02	-6.071846400517109288e+01	4.576312641098732037e+00
1.114855630383281522e+02	-2.661111425902307133e+02	2.469562342885801627e+02	1.991186541100656484e+02	-1.965935031570349736e+02	-4.852877909642742082e+01	2.778277981902900819e+02	-1.860285996691851835e+02	-2.743845653069730588e+02	-4.490445408025420448e+01	-8.613902706669679787e+01	7.701294171279100453e+01
-9.307826693403544027e+01	-8.699947900925691613e+01	-4.721239349041976396e+01	9.558766084480568281e+01	1.299715548755993666e+02	5.913349327112482712e+01	4.687460150123766489e+00	1.981223543007634191e+01	1.162232580969716338e+02	3.450007798417070148e+02	-2.687078733695906507e+01	8.293443225824084664e+01
-2.210751089456907792e+01	2.328112830049942943e+02	-2.660918572400675544e+02	-3.897644556452700044e+02	-8.134686335007671687e+01	-5.042631880795501331e+01	-3.945106942753246244e+02	7.718257407024449890e+01	-3.507787273469489264e+01	-3.268257418386336894e+02	1.529805577325296326e+02	-2.966056821966004691e+02
5.375011198199212714e+01	1.766580816616900336e+02	-2.932171219005379612e+02	-6.210973755587635878e+02	-3.370402894574518768e+02	-1.418175876544329412e+02	-5.197328213447940470e+02	8.136677676563344619e+01	9.112356026191203284e+01	-2.405666894797260511e+02	4.266987317565601643e+02	-2.895743617331903579e+02
-1.745924591156297723e+01	1.916487044558216013e+01	-1.903488781342569496e+02	-2.308011879855640132e+02	-9.510098941963777008e+01	1.455821205401422702e+01	-3.330701525542984314e+02	1.642725408264100295e+01	6.115131887613805439e+00	-5.342897987299343043e+01	1.392101276042360496e+02	-1.404005758119263589e+02
-3.084618880588062098e+02	3.951051563079379889e+02	-1.490740601433781478e+02	-3.068740117665058520e+01	4.942121708222681491e+02	8.938478503984244128e+01	-1.492044677336308780e+02	2.920362451677687545e+02	1.875353833200023246e+01	1.336680362473274108e+01	-1.381133976441627738e+02	3.836690660122361862e+01
2.148638434088749420e+02	-3.804777188064898610e+02	2.225489733150845666e+02	2.262985560867213337e+02	-1.881016200287650406e+02	-8.199488987448523858e+01	4.968057625759307143e+02	-1.489125388798514962e+02	-2.396708494107330694e+02	1.479978346847367732e+02	5.792664816867900157e+01	1.760731000247763802e+02
-1.734349471644209757e+02	-1.504130758858525780e+02	1.487821776346427782e+02	3.953631753682607268e+02	2.659514438749060901e+02	3.369810907305549819e+01	3.114853740893300937e+02	-9.283014570865736914e+01	-4.885110927399953340e+01	3.548891300542778708e+02	-2.575708794401004980e+02	1.850489486543009434e+02
2.052791630376621868e+02	-3.110894285404854642e+01	1.773706962770234696e+01	1.010203757372588171e+02	-1.522823474852228856e+02	-1.474923858084227675e+02	2.098663201154102182e+02	-1.636457036869849730e+02	-3.003365590206907427e+02	-1.792300326777018142e+02	-7.507800593837255576e+01	3.373846648387331015e+01
1.038513009502139823e+02	1.743130622537082104e+02	-1.579568402472719129e+02	-6.739772628379486150e+02	-4.442794406484060232e+02	-1.194731119089828155e+02	-5.532342357209652164e+02	4.626532417074443515e+01	1.093282988042116131e+02	-3.490918688644180747e+02	2.867918901232229132e+02	-2.441031263629957948e+02
2.637587230494459689e+01	-3.124729349745069840e+01	-6.597874186076489877e+01	-2.768027888740839444e+02	-1.809364576881906146e+02	3.670097671564887776e+01	-1.777669761206598764e+02	-1.768607475979020904e+01	1.311347979824720937e+02	-1.707366130072125543e+02	1.117684323698883153e+00	-9.269037554551664471e+01
3.671658719761531131e+01	-1.306167666306569970e+02	2.087089668146469990e+02	4.303918800041535064e+02	1.754831152586346548e+02	5.745060624430054830e+00	4.323544041730930303e+02	1.582224922765208142e+01	-2.219305497112964645e+02	1.274822429396239585e+02	-1.718456445115756424e+02	2.608337025596406420e+02
6.545082871358741272e+01	1.884296975966273919e+02	-3.494876074649034194e+02	-5.029000744725212826e+02	-2.751103535926596919e+02	4.987148742226535347e+01	-4.307611249099141446e+02	2.540188955994073439e+01	2.070757105504549145e+02	-1.907427886708874212e+02	3.030208122328896820e+02	-2.689226977875568991e+02
-2.908904155101213291e+02	3.932683214688281623e+02	-1.291817147623062851e+02	5.819047378690018490e+01	5.307421406946143634e+02	-3.484148126987293637e+01	-1.951165842772398094e+02	2.868694989782295011e+02	4.136370465407038921e+01	3.764399233872927630e-01	-6.422143275452897626e+01	9.501347317698932216e+01
-1.455048675410303076e+02	-3.072497924966163509e+02	1.664246352276562106e+02	4.798496277815651752e+02	3.115045422239028312e+02	2.510351159795339413e+02	2.571849829897886934e+02	-8.883797217860771411e+01	2.019439038466132672e+02	6.392301412856938896e+02	-1.609250227349158422e+02	2.035403470149671250e+02
-8.693033875288918466e+01	-2.340238193952582790e+01	9.053763519698443929e+01	1.767340963338194229e+02	1.791503941566740536e+02	4.589572342584469311e+01	2.257404602343120814e+02	-1.428989763574488450e+02	-4.186994986904221605e+01	1.852088448639315743e+02	-2.158124854084244149e+01	1.140712257763957922e+02
-6.158429288617699626e+01	-1.169042540366408467e+01	2.252007302504314055e+02	3.125150077583088546e+02	1.533899663675043712e+02	1.239589167528366964e+01	4.211461062951598819e+02	3.166390529306000801e+01	-1.264184213675769115e+02	8.821087720662298182e+01	-1.450155025862732714e+02	1.445261556954569073e+02
1.120945282213399139e+02	2.406629127255064873e+02	-2.440369188647235035e+02	-6.132865365307206957e+02	-3.789525591542028451e+02	5.206114618623622903e+01	-5.493244340377992785e+02	1.105564695900168886e+02	8.849506232009477458e+01	-2.486634655440529400e+02	3.317522876929027120e+02	-2.655521042465508117e+02
1.340675166096278303e+02	-2.822183184818446762e+02	1.317468511339413055e+02	2.647165337678364381e+02	-1.911207277706084540e+02	-1.566003721858121764e+02	2.106131936040012818e+02	-1.380277119006919690e+02	-2.259870682563712023e+02	-9.606353109163305248e+01	-1.714425722170064148e+02	-2.405635250791518231e+01
1.322885446547835784e+02	-1.571297487397833379e+02	9.254199296629218452e+01	3.711034626665256297e+01	-1.502011041135667426e+02	-1.463965624192148312e+02	2.217388561364642214e+02	-3.786264354229063045e+00	-2.171202499910720860e+02	-3.137219002489471222e+02	-5.864561619889733635e+01	-1.817939344176665983e+01
1.808856710258356770e+02	-3.865657706950927377e+02	2.153333302932125548e+02	-1.053164405570284572e+02	-4.832839303421687873e+02	-9.064835562050386386e+01	1.613513128092347131e+02	-3.080337082325719962e+02	4.458042231562287405e+00	1.882529631940837191e+02	1.387021087282805070e+02	-2.280162219919239419e+01
1.677316968693377817e+02	1.103887641097868482e+02	-6.411737775461259048e+01	-3.930851492877828832e+02	-3.269886693299559397e+02	-1.311112278700025229e+02	-2.594701730836811748e+02	-1.948508894984350093e+01	-8.807269963374484689e+01	-3.449352686715327536e+02	2.237971933450456845e+02	-2.211871621835959161e+02
2.591143801884377353e+02	-2.764592686979055998e+02	9.624381759509219592e+01	-2.751649814244638605e+02	-5.170783931991180680e+02	-1.453383266282374109e+02	5.630244281332023348e+01	-2.342622481634781764e+02	-9.331797362022415143e+01	-1.838347967379727095e+02	2.350623384357136274e+02	-1.229451352634501546e+02
8.720316215501959789e+01	1.469168690005014639e+02	-1.885735561081994831e+02	-9.919884917025005677e+01	-9.405181060568375528e+01	-1.717432328487600444e+02	-8.468447619900570089e+01	5.042908692965064432e+01	-1.428757539528040468e+02	-1.655156444732010925e+02	5.301108729568290379e+00	-1.106100423054700741e+02
8.929050061160168639e+01	6.289164537968110125e+01	1.341861269329868378e+02	-2.145751538955601845e+01	-9.161069169272776946e+01	-1.713090175183331212e+02	6.869513619284062145e+01	3.067770620182860952e+01	-2.524979191440293675e+02	-2.851372403749229534e+02	1.809977738127436169e+02	-5.215760425866550776e+01
-1.163768249756475797e+02	5.413715422925567964e+02	-2.541195455962396750e+02	-9.244741559937868658e+01	3.413341652865912579e+02	1.388931608272109308e+01	-2.743882109308730719e+02	2.774044509896779687e+02	8.002364665607490934e+00	-1.778339419157775865e+02	-1.256528077349024386e+02	-3.176585678257651146e+00
6.816819088200641374e+01	1.423337341795367479e+02	-1.291822396894165479e+02	-2.206156751634848945e+02	-2.486484417011873802e+02	-9.043129580239721577e+01	-5.685379727853093357e+01	7.420033745987123552e+01	-2.380162316414427437e+02	-3.411057804427625797e+02	7.383667294471244702e+01	-1.556758024051849532e+02
2.458828955007195134e+02	6.268978856673450650e+01	-1.598382374559284358e+02	-4.260575960346337752e+02	-3.458357424112041372e+02	-1.624307532799569174e+02	-2.382979207373819008e+02	-3.094644858425492728e+01	3.040756775092898767e+00	-3.632377837094825850e+02	1.666306014748300584e+02	-2.263500665789855191e+02
4.830117279814569287e+01	1.700108257119038910e+02	-1.570791571257055068e+02	-2.150903471463900871e+02	-1.341202244136354409e+02	-7.219657208526433578e+01	-1.784070228677687737e+02	9.274186494022938376e+00	1.894871452979055846e+02	-1.479399926231284894e+02	9.179496264089303281e+01	-1.367493424800941568e+02
-6.068065068469817902e+01	-2.752388378103900664e+02	2.589885166689560947e+02	3.639924551612999721e+02	1.568281512680146932e+02	1.341152047970431056e+02	3.477969096279392716e+02	-1.669204119757494595e+02	4.010011330578769417e+01	3.388036981758533557e+02	-1.397118048625525830e+02	1.246515957368583116e+02
-4.858763935639039033e+01	3.972051667247474711e+02	-1.720989438667707248e+02	-1.630428483881803174e+02	2.165090585473597571e+02	3.459401932531880419e+01	-3.823369334089498466e+02	3.334926206749919970e+02	-2.028338408564422579e+01	-3.629020173434337835e+02	5.397797162221090872e+01	-8.883021706307684440e+01
-1.929966421964739709e+02	-1.569453152693349978e+02	2.505505256910840899e+02	5.647731845443965994e+02	4.726161571809092266e+02	8.349483179525805099e+01	4.371530000767998558e+02	-2.696482535156319926e+01	1.431914981348081426e+02	6.222929777763042694e+02	-2.617603221557096163e+02	2.570064938378163788e+02
2.178151850090045727e+01	-5.381169617260599836e+01	1.328322492298544830e+02	3.521196398925165454e+02	1.807393644955807304e+02	-6.066163840913115735e+01	2.486834238048870986e+02	4.274254964256372347e+01	-1.193552450312200790e+02	8.167295748741376826e+01	-1.474416349760473679e+02	2.157929531240901895e+02
-3.536331636729731542e+01	3.611225260202877507e+02	-2.146333444449651608e+02	-3.277894686319119728e+02	-1.280631966563128188e+01	-4.294632769816875140e+01	-3.910597661085223535e+02	2.783917150069988224e+02	6.805105973779592432e+01	-3.630170319666545993e+02	6.781382075790367026e+01	-2.176853584210061854e+02
1.411217477774553970e+02	-4.060451178904639278e+02	2.787249752573288220e+02	2.657472444945782968e+02	-2.318194750503306807e+02	-8.040947671053214663e+01	5.067421007973176188e+02	-2.595460508544260279e+02	-1.775895923730357993e+02	2.006628850258761645e+02	-1.123918050573208944e+02	9.324282036325709555e+01
-5.105941908953894881e+01	-2.209718979616546335e+02	2.328412270000405613e+02	6.259901050994786829e+02	3.613695514300486025e+02	8.409175592569071966e+01	5.535558815497284968e+02	-1.302470959477903989e+02	3.950637484175352654e+00	4.089442347605372561e+02	-3.497810360895509803e+02	3.774470915051547308e+02
-8.410448699546127216e+01	-6.476912347191139929e+01	1.381160636757471423e+02	2.145385354762418046e+02	2.232869934422537597e+02	-6.483779614790093149e+01	1.400087378313279487e+02	-1.740070662181500794e+01	-4.524322170929990961e+01	1.140569150894461785e+02	-8.455185272550562559e+01	1.590882968929486481e+02
-3.852842605845708590e+02	2.916226103119081472e+02	-4.881493332506184402e+01	4.496633199385698276e+02	7.471353217524547290e+02	1.156606916491198973e+02	2.377561508030101720e+02	3.681393936369227049e+02	-1.192146576999021619e+02	1.029005754200548921e+02	-3.906775153067176234e+02	1.889001691338220326e+02
-5.890862907382655322e+01	-1.189540504870863771e+02	1.393516314624564245e+02	4.517148964668773488e+02	2.729462833883874282e+02	1.225429300638226380e+02	3.137793752375392273e+02	-2.682677711114892105e+01	-2.263872757894541721e+01	3.578279343782452884e+02	-2.416237768869889067e+02	2.487588079867321653e+02
1.794530388228948539e+02	-8.515501323489360175e+01	4.301882677538102229e+01	-3.516884374546792174e+02	-4.704986950777654329e+02	-1.536562271770148982e+02	-1.531041534922999006e+02	-1.917879805180400865e+02	3.464488885605430823e+01	-2.110900592081375748e+02	2.807249480344054291e+02	-2.134813149470694782e+02
-2.167584841527857265e+01	1.943107879711593853e+02	-1.934755956428519994e+02	-4.181473373063768122e+02	-1.557487566866450663e+02	-1.211036703717749532e+02	-3.341640416101175788e+02	1.419021396934817858e+02	-3.499670189151805744e+01	-3.858486442329661372e+02	1.527188033323396041e+02	-2.428559306920169831e+02
-7.468752649820568479e+01	-1.213983609278663351e+02	-3.030645720169061974e+01	7.297250022842032990e+01	-2.669188126633548919e+01	1.215877458480410382e+02	-1.320482540375015788e+02	-6.834279973831945654e+01	1.988885963851842007e+02	2.644285866499661211e+02	3.959572918754313520e+01	-4.268660099760676729e+01
2.823427587813109199e+02	1.537751799907673558e+02	-1.423750319505729749e+02	-3.520277758612286902e+02	-3.057665398238039529e+02	-2.067936563663143943e+02	-1.423920440916508880e+02	1.545055143416402359e+02	-2.552392389225887825e+02	-5.685817436489717238e+02	1.282563539558800869e+02	-3.207553947058410131e+02
3.535960293692759393e+01	1.481259919454079999e+01	-1.341266645982100556e+02	-1.690576639046663558e+02	-1.528199253583566986e+02	4.307104418596131978e+01	-1.957040338341612369e+02	-3.199145889707029866e+01	4.821086300582197026e+01	-7.047312541898016036e+01	1.487484065330963858e+02	-1.149906397387049140e+02
4.006562332781202684e+01	6.640954410199820757e+01	-1.990512957854913338e+02	-2.408206566231388308e+02	-1.336742376708032793e+02	-3.490335801338372335e+01	-1.495394658193219755e+02	-8.678470038051423785e+01	-4.316054377130825515e+01	-1.124122229706655673e+02	1.294922296458074129e+02	-5.094880487612390141e+01
-1.754232256604607088e+01	1.133172897394536278e+02	-9.693904088482536707e+00	-2.622599913544430592e+02	-1.196102842857988406e+02	1.021149829626352101e+01	-1.982677645292956470e+02	8.339125397016391616e+01	-3.066375133862358826e+00	-1.195936747933524487e+02	1.073350783522840146e+02	-1.307400969148810645e+02
-1.146976895448404861e+02	5.270273902775689976e+02	-2.218787459819317860e+02	-7.259616405352156221e+01	3.474250975634552674e+02	-5.533653675922349890e+01	-2.603605447941739612e+02	3.174617464871821539e+02	-6.948165261237063461e+00	-1.376838246810681881e+02	-1.931628432853892008e+01	7.757266175541273512e+00
1.821495323470538494e+02	5.140542005141435311e+01	-9.593130548606907837e+01	-3.799250626826431585e+02	-3.472144664677697961e+02	-8.788729868819781643e+01	-2.697335786636769512e+02	-1.542314548602457158e+01	2.915242884077843044e+01	-4.037576119476385088e+02	2.523899868115461800e+02	-2.070827891026268901e+02
-1.712200034804895949e+02	2.153805718425766713e+02	1.881203783809316832e+01	1.667251647563595611e+02	4.969301970461880273e+02	-6.092539526622725532e+01	1.585233295062859611e+02	1.733956973402590052e+02	-2.576832026379460672e+02	-7.932868190768679995e+01	-1.707236654921605634e+02	9.667671901360101572e+01
5.517968160757156681e+00	-1.644007787672422864e+02	1.399316689753771357e+02	4.818522482382361432e+02	1.613257059546395453e+02	1.489084570114317252e+01	3.746817976747487933e+02	-1.067699472787733441e+02	5.077102620132437494e+01	3.548239793376895932e+02	-1.810793603040982589e+02	2.509871214913432311e+02
7.609223540084626336e+01	1.615306618297495334e+02	-5.871464122148712761e+01	-2.819566538964942879e+02	-1.816018760944523933e+02	-1.292492278197021562e+02	-4.140403927472658552e+01	2.730010320734190543e+01	-2.343737105284930351e+02	-3.781333007144456815e+02	3.810116107793886986e+00	-1.413902256450170682e+02
-1.640156659920713196e+02	-2.742399118351069660e+02	1.710430885710275675e+02	3.661616580430714407e+02	3.012418744706602070e+02	2.425442866687288301e+02	1.353361684268149929e+02	-1.485393423489032614e+02	1.870378153066204732e+02	6.455142359490770332e+02	-1.521013045388729665e+02	2.865052672897649586e+02
-2.290042846443410269e+02	3.846951342853693063e+02	-2.082541555276260397e+02	4.170140250849599539e+01	4.549202846547685226e+02	7.068260514149969254e+01	-2.171584660742846609e+02	4.014533505095279793e+02	4.227184038629839335e+01	5.369901183253324106e+00	-1.425887996385955887e+02	4.165952663474470796e+01
5.111034808867205470e+01	2.455576706364370665e+01	-2.651855506209488311e+01	-1.607733344426239910e+02	-9.708806859569892822e+01	3.119316075723100923e+01	-2.195494131516451262e+02	-6.253648869852727188e+01	1.254317333230445968e+02	-1.515250941807906138e+01	2.140631359098797191e+02	-1.371089730052047173e+02
-1.632505142338607698e+02	-2.065968796720764828e+02	1.425053671771825066e+02	6.364929899699262705e+02	4.960110590701802948e+02	1.412264869650354058e+02	3.711892677354527450e+02	-6.812118446136990713e+01	1.446923524369018423e+02	5.635465876020506357e+02	-1.737791041976734903e+02	3.530815642937729422e+02
1.114851652510036217e+02	-1.363314254108199997e+01	-1.227044754965451112e+01	1.063822713863353044e+02	2.547700356857913917e+01	-4.190777848863422861e+01	1.517269106567922563e+02	6.857587691883379932e+01	-2.065455492760165725e+02	-2.327377543233795620e+02	-9.581222547986050131e+01	2.939969892540520036e+01
2.022297551537906557e+01	3.726972911524476473e+01	-8.307371882504824612e+01	-2.835839711440238631e+01	-4.960616169787698482e+01	1.699651804111395563e+02	-1.307873731460956321e+02	5.354375619756676308e+00	1.844726012204338019e+02	2.744505852182247168e+02	9.337911302351707832e+01	-1.084904470070287346e+02
7.232289842556879478e+01	1.417273563836122889e+02	-9.374550211945394551e+01	-2.527501015661641475e+02	-8.673248479815698886e+01	6.737483305944698131e+00	-3.011277644206075479e+02	-5.491117015561301429e+01	1.175275685702919901e+02	-9.737145158244844367e+01	8.897840717412286438e+01	-1.769109651762015005e+02
-2.233022798605146306e+02	-1.971822550119172206e+02	1.779098886453592741e+02	6.276032409560922360e+02	4.124345700429068415e+02	1.986035599666513178e+02	3.128245391904044936e+02	-7.179590985180298368e+00	1.324354969826152342e+02	6.206537904656796627e+02	-1.873049454239370277e+02	4.068103382413362965e+02
-1.308019084075018554e+02	-3.571305095365295870e+02	3.223590673975850223e+02	6.098530019587425386e+02	3.613921980499301299e+02	1.032967001806798635e+02	5.176227025297120008e+02	-7.500648770646560592e+01	-4.171794571052222267e+01	4.184595589256477410e+02	-3.234829084529412739e+02	2.890647300653538423e+02
-1.882082746692545356e+02	4.621439855486526938e+01	-6.946375059346302727e+00	3.464677134939813641e+02	4.497811788627959686e+02	1.734797933143180728e+02	1.647382837623760565e+02	2.220876782992116887e+02	1.401769011041217254e+02	2.346114472642831004e+02	-2.301698023717296735e+02	2.138641435211523003e+02
8.992060905977874441e+00	-3.871406077654717706e+02	1.759765922443789918e+02	3.369889785106718136e+02	-4.977843003400252542e+01	8.886148948882839704e+01	3.219584090632507127e+02	-1.934727395138676513e+02	2.853625571558975693e+01	4.039807531204116344e+02	-4.571465283347899344e+01	1.787124890751152293e+02
-7.801134421478421643e+01	-5.456295523325071173e+01	-7.030479378183932226e+01	1.746159715259719292e+02	1.215783681900183950e+02	1.839704695500353751e+02	8.973102014356138056e+01	-4.268661872931642165e+01	1.873362622415986039e+02	2.561903203885978542e+02	5.106059078194206080e+01	-3.252095960388007256e+01
-1.564300628429684821e+02	-3.256528792755051427e+02	1.778527829574173325e+02	5.830380182329820400e+02	4.432880415994686132e+02	1.468812673059368876e+02	4.637078495205586250e+02	-1.184034691562493720e+02	4.042148775347116896e+01	5.399416862593828910e+02	-3.491527028289154941e+02	3.727634403209372636e+02
1.762676328852768677e+02	1.398460539667626676e+02	-8.828130032890764767e+01	-1.647585802039465932e+02	-3.357542150724891172e+01	-1.135057076056199179e+02	-1.215703954448623705e+02	3.687675279563231356e+01	2.848627605744022162e+01	-2.912898020878729426e+02	3.363064491361974007e+01	-8.286611666486741967e+01
-1.731546408153742789e+02	-2.765459108742769700e+01	7.006169541935193479e+01	3.465862909452184795e+02	4.929648814115714117e+02	9.824218860869413561e+01	1.195565340541225368e+02	1.017662000544722218e+02	6.494827920496580020e+01	3.078709584604567908e+02	-2.616669804301712361e+02	2.066042728609978383e+02
-1.239362271798688937e+02	-2.709384539301744326e+02	1.607108552375312911e+02	3.664457368085969620e+02	2.962306069980850225e+02	1.285912000728708904e+02	3.872708261143828281e+02	-8.629358219946527697e+01	-9.164112110569367076e+01	3.360267491697644004e+02	-2.058521545288750758e+02	1.802865502187647166e+02
-1.680207834824015123e+01	5.544002911682527923e+01	-8.675539036361494993e+01	-1.711674952291499210e+02	-1.059123788197758103e+02	8.557219453360717765e+00	-1.525886368696037039e+02	-1.069872800845391936e+01	1.697730342150206866e+02	-5.056392011038346457e-01	1.701506150043996968e+02	-1.442670449546469058e+02
-5.711233827682510622e+01	-1.676174424708217146e+02	1.661709527054325122e+02	5.161140696184347689e+02	4.107199278637930320e+02	-5.130752418331226750e+00	4.941886575568659623e+02	4.796107778997405546e+01	-1.953627600616611346e+02	1.824961024624300592e+02	-2.194827533312897572e+02	3.979704764534532160e+02
2.544859436870785316e+02	1.632854812875272899e+02	-1.794875048471445496e+02	-5.197954524288418270e+02	-4.372020391502435359e+02	-1.480040785024173715e+02	-2.523784124182994049e+02	1.207048624635961716e+02	-2.524551236663758402e+02	-6.025884933170941622e+02	1.090883296379227261e+02	-2.541579495596632512e+02
2.971035827535403939e+01	2.141740555838782996e+02	-8.642145417266493723e+01	3.166077229797089387e+01	4.904417409032429731e+01	-1.095804952475900222e+02	1.205205336577715087e+02	1.547321939703947180e+02	-2.572492911276805216e+02	-2.914502583359470691e+02	-1.545747610725997276e+02	3.243122156755580221e+01
-8.568909793063311042e+01	7.379118394441803730e+01	-4.901298902311601324e+01	-1.639886678495392403e+02	-1.374613668685255519e+01	8.907964620314753290e+01	-1.796511435055083439e+02	1.188520378312583858e+01	2.356568610594161726e+02	1.966929999477434023e+02	1.038549234972255704e+02	-7.061291120364856511e+01
3.533005792839400527e+01	7.520251881134397820e+01	-8.667424020238936322e+00	4.331242210795022629e+01	-1.855668425637940189e+01	-1.170155025342616852e+02	1.374662759834717463e+02	-4.086795234966552925e+01	-2.990778559183017933e+02	-1.929352818549778590e+02	-9.947202635604784859e+01	9.024870353851093796e+01
-1.469125570015061157e+02	-2.006167498838096606e+02	9.839988934682054378e+01	1.917117393071325182e+02	2.245039160922050883e+02	9.391759466972678183e+01	6.863938471753891690e+01	-2.450207180197538648e+01	1.765873921493094372e+02	4.039203242866161077e+02	-1.438016046960935990e+00	1.851656732355785380e+02
-8.231138717008083461e+01	2.342663405941370680e+00	-1.234948661688268743e+02	-1.006461976282303681e+02	-2.261479680605382825e+01	2.099968811095360621e+01	-2.106437994438652765e+02	7.312723270018284261e+00	2.743182169085847022e+02	1.592826714424642205e+02	1.362515326756937952e+02	9.221948677263247518e+00
1.372309621635290569e+02	6.094338401476652933e+01	-3.464296563236083415e+01	-2.324035579920095813e+02	-1.861765226549536862e+02	-8.799471298140588260e+01	-7.833755852038797229e+01	7.866050219084668527e+01	4.401273808737874305e+01	-2.231071179586739390e+02	8.435372362309317396e+01	-8.836555515890567847e+01
-2.135704473552592901e+02	2.346305762820290681e+02	-6.484077624870006673e+01	2.703764317350900228e+02	5.138649673652388401e+02	6.152844248635732072e+01	1.191015933569609331e+02	2.204079454420112540e+02	-3.074124803704729558e+01	1.823493825311284411e+02	-2.029986187728882783e+02	1.835548690882529286e+02
1.636341531058947680e+02	-6.565596390852139166e+02	4.046898885697408446e+02	5.243502433044617419e+02	-3.038574099124519421e+02	8.199751195345865540e+01	6.351588947126907669e+02	-4.808986010612355813e+02	-1.431236768696897173e+02	3.317112655583807737e+02	-1.187618177116854241e+02	2.189822544647400946e+02
1.494335534104276917e+02	-4.168786950521007952e+02	2.658292545464374825e+02	1.909892626462717828e+02	-3.228378537407580211e+02	-2.852944612932754964e+01	3.280274173508284434e+02	-2.936951087780398097e+02	-1.687277260486997221e+01	1.877126886071173146e+02	-3.640164659983261330e+00	9.291613477747803529e+01
-2.476589559321747060e+02	4.382767558937940748e+02	-1.640342133875659272e+02	-1.874163766517539642e+01	5.091290347880191689e+02	1.740870967474314739e+02	-1.618804149936890440e+02	2.396509199052706265e+02	3.346649559432011500e+01	-5.768965073568661950e+01	-1.397141560950792609e+02	1.962517270393450275e+01
1.347997705305294289e+02	1.498524086048478523e+02	-1.039603677454648931e+02	-4.316829563909338390e+02	-4.024147913379228498e+02	-1.393167315474881605e+02	-2.559940896875275200e+02	-3.269534697067351914e+01	-5.791165295891192244e+01	-3.607711961256936775e+02	2.200314124534301641e+02	-1.723248899211449441e+02
-2.132737321360494889e+02	2.348792125628983740e+02	-8.354525559385567135e+01	2.783717351801873860e+02	5.922896038602510771e+02	1.114725540041660565e+02	5.552476930045438053e+01	1.752686184264467499e+02	-3.024898676656089691e+01	7.491316874485980293e+01	-2.417093248733893631e+02	8.902911981942271780e+01
-1.298689115159949203e+01	-5.399859244713880457e+01	8.272322857785763972e+01	-2.228730652240883714e+01	1.701867177525385466e-01	-1.262679582088226340e+02	1.458009714100485894e+02	8.911276789614774430e+01	-2.433218479348857670e+02	-1.948048193167911677e+02	-1.478085171355913872e+02	7.073764628117425346e+00
-1.858305533100173363e+02	-4.300404740977987927e+01	7.274038577422201968e+01	2.533530298891882637e+02	4.009875115248651412e+01	8.982806883874796711e+01	1.922383403229133592e+02	-4.020874587453511140e+01	8.735119376077297204e+01	2.906638328665549693e+02	7.997236746023222054e+01	7.307817896082229936e+01
-2.075673615471817968e+01	1.149148951941960206e+02	-1.039077303032299682e+02	4.857697907459441211e+01	1.986565474808396914e+02	-5.467134549385626485e+01	9.874839782424530199e+01	1.085158896698302868e+02	-3.069199855723689438e+02	-2.708646517576194128e+02	-1.153529663768585607e+02	7.985944411570820023e+01
-6.639748379347115304e+01	4.287990794813770208e+02	-2.705523414390648327e+02	-2.419702816764118154e+02	2.354024255021431316e+02	-4.902845386272505834e+01	-3.280920223815269878e+02	2.135418582119549740e+02	-3.378319281309825328e+01	-3.146975733221337350e+02	5.673894440563338293e+01	-2.946156710076187935e+01
-2.900629261578187652e+02	3.446843894943434634e+02	-1.616884242567456909e+02	1.460684229046846667e+02	5.097288680837821744e+02	1.623335606356302776e+02	-1.089738901202490808e+02	2.729316625345318812e+02	1.527762040578577718e+01	-3.071332523117261104e+01	-1.369951728453292787e+02	1.203890419749446181e+02
-1.032524113664549503e+02	5.020616226543817788e+02	-2.922187330237944138e+02	-2.450253882892782258e+02	1.446924424774639419e+02	-1.025036240728279466e+02	-3.070320526330775124e+02	2.562092997246718937e+02	-7.577609629393825230e+01	-2.098045196043214276e+02	-5.393763891580724845e+01	-1.423372752304256892e+02
-1.182688794979644626e+02	4.626772334437249015e+02	-2.473550811203326134e+02	-1.964166509950268846e+02	2.546720920068143812e+02	-2.357384546033683037e+01	-2.712342727855747739e+02	2.891306713088356446e+02	-4.533368786319113042e+01	-2.916046598186993037e+02	-1.818114066245173888e+01	-9.501838937325260304e+01
-1.333081588203202443e+02	-1.918338124580293140e+02	2.039032945836768533e+02	5.815421505879213555e+02	4.280782230575435392e+02	1.233160847478069115e+02	5.124757052205191030e+02	-9.068803817504169729e+01	-1.848648490993537337e+02	2.755476890801226659e+02	-2.700038886300594072e+02	3.703172844469372080e+02
-8.099899815509411383e+01	-1.269139929825585540e+02	2.158926245196916511e+02	4.104093459641210302e+02	2.539953363140508884e+02	-3.378807346168419912e+01	4.234858956735169500e+02	-9.625944244586037257e+01	-2.006822197871246374e+02	8.969287246139941772e+01	-2.290894720860085272e+02	1.922793628031818969e+02
-2.262413456576033184e+02	-1.681243423794606429e+02	1.284448754242957307e+02	2.002898987793598167e+02	3.402733118366316489e+02	1.273231664927075855e+02	4.096262770219166782e+01	-4.906503338161363814e+01	1.163455160513768192e+02	5.158653109202617770e+02	3.152998016008306337e+01	1.456430348182520333e+02
2.155961831294719104e+02	-2.466369450496978004e+02	6.632099113776840227e+01	1.074519368036101810e+02	-1.349073832971796492e+02	-1.929415228698616147e+02	2.784782936941901994e+02	-3.267636498637290288e+01	-2.132721224771516120e+02	-1.813747736686806320e+02	-3.060849665695236155e+01	2.438641379330383074e+01
1.174921318898224456e+02	-4.552172335338024141e+02	1.869985398118119804e+02	-8.250268300247573450e+01	-5.373410555110377800e+02	-7.318311521491686733e+01	7.297727404005219398e+01	-2.683619520201120849e+02	-1.685601992529621285e+01	-3.949190635480576361e+01	2.623456746116776230e+02	-7.155139536950402146e+01
-2.429427199265703763e+01	6.662028061637144560e+01	-1.811657320699442835e+02	-1.852327114429111248e+02	-3.728211615595068196e+01	1.092300657547631459e+02	-1.507221602636093678e+02	-3.517904111243948506e+01	2.063710113744984085e+02	5.425851151582653387e+01	1.839998700509265745e+02	-4.615908240763464931e+01
1.904202218334472434e+02	-6.802400573371656378e+01	-2.559500979680703736e+01	-2.918404360774295583e+02	-5.244257560805860976e+02	-4.348625263920824580e+01	-1.854433176959699949e+02	-1.394645782788731481e+02	-3.242541413110736670e+01	-1.831036632311465837e+02	2.549668079621545189e+02	-2.508401148765281619e+02
1.205465109482719157e+02	-2.872768913118045120e+01	4.132387183354782678e+01	7.728524673471665096e+01	2.392216946096844821e-01	-1.426316236383552223e+02	5.457120943486724229e+01	4.935814760404133494e+01	-2.348863013227980616e+02	-1.814455962720455773e+02	-2.366944258314085232e+02	7.510435846724101339e+01
-1.220481333530631929e+02	-1.729718894222328061e+02	2.599223332661738368e+02	5.904108383238879014e+02	4.196965931192320340e+02	-3.236351947509687932e+01	5.130668389863251377e+02	2.338456690973567831e+01	-1.463385436647979247e+02	2.731594672653676525e+02	-2.514379936339834671e+02	3.515166238066981919e+02
-6.130689445943493610e+01	-1.501962097195219883e+02	8.647584043268066978e+01	2.118245764650725675e+02	1.510284704722898539e+02	-1.416357270291967652e+01	1.710517882639720426e+02	4.915561267408033785e+01	7.471343673468827262e+01	1.391328530204177127e+02	-7.013528390446700200e+01	2.143882832125426035e+02
5.581896390295694488e+01	1.872478093176594314e+02	-2.757877727161587700e+02	-5.880414515574749430e+02	-2.585618990804061923e+02	-1.879488224414972919e+01	-4.438345708753634540e+02	7.009517159951872145e+01	1.816401415396116192e+02	-3.008983639695169927e+02	4.200148979982650417e+02	-3.973654135596241872e+02
2.635619109851056692e+02	-2.097395659415085731e+02	4.407627788048922213e+01	-3.586947356025671638e+02	-4.503580704264500696e+02	-5.059897084280157031e+01	-1.209553473731565276e+02	-1.799142313560679440e+02	4.556987608421750657e+00	-2.153264054800002327e+02	2.831956549251375463e+02	-1.481132551011303065e+02
1.103186040823810288e+02	4.656872834380186532e+01	-1.527713133706616020e+02	-2.601777174039501119e+02	-6.247418117246173352e+01	2.372589954487380481e+01	-2.449027126619059231e+02	3.399981856523374546e+01	-1.187233628651022777e+01	-1.142930474966069028e+02	8.647937849017273493e+01	-1.723757916646584079e+02
2.231059567090593134e+02	1.529036639641577437e+02	-1.855149159977779334e+02	-3.866156202089993030e+02	-3.251877461665399096e+02	-1.527030368595251844e+02	-3.056525898360968654e+02	6.619717789529877905e+01	-2.427384435358685977e+01	-3.950894668901761406e+02	1.712920383134126325e+02	-1.289236874835186768e+02
9.000249138925958903e+01	-4.439000523266332721e+02	2.111905470219764425e+02	1.830545453113038263e+02	-3.342051130208208747e+02	-7.547525105864588113e+01	3.950769841981669401e+02	-3.020163082269211827e+02	2.848032824925343487e+00	1.961279072633874421e+02	6.683505942938720068e+01	-5.689869191693183170e-01
-1.861465943942106662e+02	2.739598472171054482e+02	2.450712656676564194e+01	2.918501863995394956e+02	6.406333086424234580e+02	-5.885950523136209256e+00	1.056334815382420373e+02	2.202383070679997843e+02	-1.803723653452577764e+02	1.031389128047924686e+01	-3.195263298773018619e+02	1.801128600779471753e+02
1.095580747108803195e+02	6.663050226925704145e+00	-1.801173186706867568e+01	-1.971451011637723809e+02	-1.707894182325196368e+02	-4.937712840926447910e+01	-1.749573241023962851e+02	4.375849247902697670e+01	4.482410614997641574e+01	-1.271219607857155296e+02	7.664538532682570349e+01	-1.183709144349200386e+02
-6.355022030896815011e+01	-1.716255150776013068e+02	2.073104103256422093e+02	4.685412264844905508e+02	2.454360258565603203e+02	6.691537380961293024e+01	3.091711196587802419e+02	-1.253486574492284547e+02	1.280841293394324731e+00	3.350588265294014150e+02	-1.958818002811082977e+02	1.932908671828745071e+02
3.686985630765577184e+02	-3.508459128241437384e+02	1.299519599778209624e+02	-9.401865190046576970e+01	-4.786024916936023033e+02	-2.408595969370124479e+01	1.604257639922975613e+02	-2.430632544818074621e+02	-6.283678747864518854e+00	1.363579885021822804e+02	1.851469537612140641e+02	6.148125117882559110e+00
-2.491756709061728259e+02	-2.186884132560052763e+02	1.176851520843950141e+02	3.028067565444809475e+02	2.407030066783673306e+02	2.417877103301127022e+02	2.389771613106703398e+02	-1.386338358720321651e+02	2.779416106348822382e+02	6.282270729183411504e+02	-1.879735041042659418e+02	2.658366825627281287e+02
8.855296171751874112e+01	-3.398272289520808727e+02	2.751370292629824803e+02	1.219977766925001532e+02	-3.941207658805089409e+02	-2.339398888384898356e+01	2.621478956443233983e+02	-4.276736465596339372e+02	9.613718043037156491e+00	1.283100977791081334e+02	1.038319281322518322e+02	1.058743227821611583e+02
-1.625631416986206546e+02	-9.443451711294709128e+01	8.141305069367895442e+01	3.725942918900298082e+02	4.369984098297287005e+02	3.694086473617733191e+01	2.874880002521551887e+02	3.579698097415743963e+00	5.026838963226724388e+01	3.017056340300151760e+02	-1.660689934645351684e+02	2.863547748636040069e+02
1.573521919348841891e+02	2.124882788050333318e+02	-6.268203944531055782e+01	-1.810775695191512114e+02	-1.649778609973604375e+02	-3.874749842270728095e+01	-1.879157719788163377e+02	4.207658974559863196e+01	-9.830500480851615919e+01	-1.729594398091414291e+02	-5.589099224007152422e+00	-6.058703363190613089e+01
9.580715955917469273e+01	1.344211762347976844e+02	-2.506719496581160911e+01	-1.510382222471712055e+02	-1.477037152514459137e+02	-2.704868671067334418e+01	-1.921217518695616775e+02	-7.190587658126029069e+00	2.649403772188336337e+00	-1.533060662067079818e+02	1.560707461128590410e+02	-1.595390664285381490e+02
1.436597403263336403e+01	-1.122757490497241548e+02	1.117321859260095209e+02	3.249500180697623364e+02	1.407351486600076953e+02	4.048865013699180082e+01	3.277314978464743831e+02	-4.009953559816860746e+01	-2.071904752136919967e+02	1.220292018637927356e+02	-3.306399046052842436e+02	1.088043836476933564e+02
1.396936922935134930e+02	-5.065383074369215706e+02	1.433443584979623893e+02	-3.846502478804890757e+01	-4.383541855996135155e+02	-6.202920011671037770e+01	1.718832979206038090e+02	-3.184802695752598538e+02	-5.823716002364849764e+00	1.214673401178993686e+02	2.429669793874252548e+02	-5.700332050268615802e+01
-2.594360840080992148e+02	2.532605871086947218e+02	-8.435784767958556074e+01	2.110803841956033580e+02	5.385064831989741378e+02	6.984677787058373610e+01	-6.510666868550175934e+01	3.528220112530860320e+02	-4.774686935959137912e+01	3.034102959815502842e+01	-1.661061668761280714e+02	1.938478241871411285e+02
-1.291849808434612044e+02	-7.414049996978236834e+01	1.568226765009552253e+02	2.457327708645810560e+02	1.010225087852918051e+02	7.145145999034149042e+01	1.412384711945227025e+02	-9.920457853763802802e+01	1.287288021275522851e+02	2.547141086374064400e+02	2.914660179857855837e+01	1.333359146782166533e+02
-8.468180269245860359e+01	-9.962304028449490545e+01	1.875437070553048784e+02	5.115061563079622715e+02	3.862577496612722712e+02	5.177360198886911746e+01	5.050572092788549980e+02	2.911678406772216121e+01	-2.345660480940604202e+02	2.602594208350741951e+02	-2.677353171525222137e+02	3.706217035206054220e+02
-1.566528249219987003e+02	-2.948358916120673143e+02	2.693163593634569111e+02	6.279244803067925886e+02	2.879567766250958698e+02	1.177369874235806009e+02	5.063764173714751564e+02	-5.002085433800802861e+01	-6.962366295598661736e+01	4.890322027544596040e+02	-2.785346903621117463e+02	3.252487421985039759e+02
5.988881371068996984e+00	1.146396047984851094e+02	-3.898200158633105872e+01	-3.077265099537192441e+02	-1.384653155347210145e+02	2.078648630881064108e+00	-2.720675404768531394e+02	1.262441215186225776e+02	1.377416634658235068e+02	-1.269743834094529689e+02	1.898224484462352848e+02	-1.281259218825488233e+02
-3.298653803108742721e+01	-1.364806673993779214e+02	1.635858340958633050e+02	5.505944323390352793e+02	4.007414619827255251e+02	4.486377857943861613e+01	4.931275890697497744e+02	-3.621735729748014165e+01	-2.093014898501013477e+02	2.033681875414530964e+02	-3.067778154463208580e+02	2.482291216215274403e+02
2.007188148653882109e+01	1.469489910094464165e+02	-5.869164527273973420e+01	-2.100069702688549285e+02	-1.290495397303625680e+02	1.097280389238762126e+02	-1.974885270126642638e+02	1.024542365264050119e+02	7.539675685277499539e+00	-1.311555423781469756e+02	1.414261449988738661e+02	-1.587119728813001132e+02
2.411203819777588819e+02	-3.951730777150324911e+02	2.091959726740662973e+02	-5.675968627325871552e+01	-5.064847646960724319e+02	-1.029921127758581747e+02	8.165215145722639534e+01	-2.902490652515635361e+02	2.359073481047317955e+01	1.696265669328194292e+02	1.282448842472010426e+02	-7.119593540305987744e+01
-1.925013728056202638e+02	3.675467433618580912e+02	-2.553483622395534098e+02	-2.423595566201929898e+02	3.349239577864191801e+02	-1.422818930265236226e+01	-2.185478944920685933e+02	3.084575737497713135e+02	-2.706140865970916565e+01	-3.103308504793653810e+02	-3.610573831900725850e+01	-4.121470401882746870e+01
1.832246165933485145e+02	-4.434089399609151769e+02	2.552984790308597951e+02	1.247932311183673164e+02	-3.814681530895393280e+02	-6.668744286636659524e+01	3.199764798847539851e+02	-2.511228865780731212e+02	9.329072359414969640e+01	1.634273720085107300e+02	3.682136872772604619e+01	-1.436020713276145955e+01
1.244215590680797732e+02	5.215773145580970294e+01	7.421946372174801354e+00	-1.864978524899528054e+02	-1.298173239512753980e+02	-1.222194933994030350e+02	1.303020625672507151e+02	1.177319029298573980e+02	-3.160065260753278835e+02	-4.912084606868077117e+02	-6.902944594930592537e+00	-2.766348588364134642e+01
2.158330311200736844e+02	-2.153901573070657207e+02	1.264025721253914725e+02	2.629160664268674097e+01	-1.313400751353280214e+02	-1.178669877949701572e+02	3.484942092672554850e+02	-4.921266744497835788e+01	-1.925042276957718173e+02	-1.361806556847269292e+02	-1.685295309224624205e+01	3.830719898786266242e+01
1.233412441611971104e+02	-7.724141539280528157e+00	-8.701420758958134627e+01	-4.492198589352962017e+02	-4.166628425759840297e+02	-9.289656597039089547e+01	-2.108431210631728732e+02	-2.081499197776605214e+01	1.339134844671592894e+01	-3.053263044972734974e+02	2.220906861122645637e+02	-2.193117053589818966e+02
-2.526821005189398193e+02	4.414924625432885250e+02	-1.945343718453913766e+02	4.395369907292140255e+01	4.122837608600397061e+02	1.100826319067147097e+02	-1.830582138602197233e+02	3.122828653515272208e+02	2.413109139440983597e+01	-1.837223071741005853e+01	-1.710513203880600770e+02	-2.552439694869004239e+00
-1.717758509339923876e+02	-2.195060494797752426e+02	2.375526950839529832e+02	5.850148522738262500e+02	3.649162926111350203e+02	-2.425267947926750978e+01	4.917438631429686779e+02	-6.913803691472145374e+01	-1.793519595543564833e+02	4.741288749959062443e+02	-3.722395312583061582e+02	3.364984195236002051e+02
-1.962993837382971378e+02	4.407372279151751968e+02	-1.330728425965152724e+02	-4.414226808061799545e+01	4.637009288695469422e+02	5.632981020991744003e+01	-2.457755607397674567e+02	2.965761079294255751e+02	7.598287838439222242e+01	-9.757122254722411014e+01	-7.206469933918579329e+01	-1.699781927594955633e+01
1.454636235690091155e+02	1.837441393131014991e+02	-1.675437666411861244e+02	-4.596689711470900193e+02	-2.875974239182083920e+02	-1.416979479809172915e+01	-2.385433242772095070e+02	8.106143986934004886e+01	-1.218283411267903773e+02	-4.279769013818020085e+02	1.545973428918414925e+02	-2.010136533959230576e+02
1.830669119164282677e+02	1.246785050684087537e+02	-1.019747923816477737e+02	-4.563782529658076896e+02	-3.452101589170259786e+02	-1.439754231997526404e+02	-2.432863360244731723e+02	-1.131850296911695075e+01	1.899686077746427060e+01	-3.988459325950241237e+02	1.762335127739057441e+02	-1.214190026287623567e+02
-2.074636629510037267e+02	6.650455808996598606e+00	1.582048507603462895e+01	4.329144678846207626e+02	4.011323898893594446e+02	4.626841761905095751e+01	2.060149788712452050e+02	2.422752970765343505e+01	9.211518774903018425e+01	3.318667726112994956e+02	-2.321725381889567643e+02	2.009514768816881087e+02
-6.312026568562849604e+01	-1.278878236180644308e+02	2.522003939916957904e+02	6.689488636271263431e+02	3.748042721483907940e+02	3.742274790815837804e+00	4.877838220496814756e+02	1.022666912198947387e+01	-5.271423050537671173e+01	2.044384582209355301e+02	-2.979506663033517952e+02	3.299036138117020869e+02
1.109505805609288132e+02	-2.820737046713610994e+02	1.803933433732364335e+02	2.369910793983739268e+02	-2.222370221023591341e+02	-2.063173624076791839e+02	3.543948993007878698e+02	-1.881621669182187304e+02	-1.993710585484226101e+02	1.227163244973685252e+01	-6.371498286040247194e+01	6.787104655351259908e+01
6.524037296627716387e+01	2.031694789728670401e+02	-1.653793692171510088e+02	-4.063161245083700805e+02	-1.814668707051057197e+02	-9.697486367927837136e+01	-2.766169422630901522e+02	1.215367793431690586e+02	-7.704521684642840285e+01	-3.672220271604553545e+02	2.212318897481446243e+02	-2.294815808542415141e+02
2.244026600818430950e+02	-6.256811828551121835e+02	4.145366547506533834e+02	4.728541823250931202e+02	-2.413174469292884510e+02	-4.002448840052748835e+01	6.112987992088289957e+02	-3.977607316575861773e+02	-1.185456016807918189e+02	3.486151580215384911e+02	-4.317930030116662721e+01	2.821470975634164802e+02
2.284905320888714755e+02	2.148502607840370331e+02	-2.086718692591061597e+02	-6.812252786515338130e+02	-4.397661812661699514e+02	-1.935461800257780283e+02	-4.846704913978014702e+02	7.133544939597191714e-01	3.710848254808377789e+01	-3.904087944723468695e+02	2.483100447937318620e+02	-4.110526021930587035e+02
-7.163554522430165150e+01	8.040763710443127366e+01	-7.610092038025045724e+01	-1.533255470162872314e+02	1.369106956287189547e+01	3.463411651024524929e+01	-1.954569949745587110e+02	2.222525570447735177e+01	2.128059268342996120e+02	1.623772666309502597e+02	2.223484734168094406e+02	3.193808340046269834e+01
8.120793458146155785e+01	3.278690004611562472e+02	-2.046051632618396354e+02	-4.639047451506102107e+02	-3.454801531236940804e+01	-6.896042215271408260e+00	-2.625552716356735914e+02	2.560252804740657098e+02	8.458416623804937728e+01	-2.602076287782247732e+02	8.737372021790220344e+01	-2.206736378494092605e+02
-1.851793687671291195e+02	-1.550697904199852815e+02	8.690118365193077921e+01	3.401877608859817883e+02	2.560633640204468975e+02	1.680623369048217626e+02	1.691082457803295469e+01	-1.079732984031291494e+02	2.848075820755400400e+02	4.478457909387688005e+02	-1.359057751805400471e+02	2.302423775212370458e+02
4.744689233646119675e+01	9.296716155137202975e+01	3.941901082509195930e+01	8.289931057777558010e+01	1.427463668513847779e+02	-9.387926173685039544e+01	1.871333386790195448e+02	-6.525965894001330980e+00	-2.589980321982460509e+02	-1.127474322171092069e+02	-8.848163740961763324e+01	9.924026188388829439e+01
-1.277220750739259927e+02	-1.249689153268561626e+02	1.874934207966575883e+01	2.455253250722655309e+02	2.970917656643808300e+02	2.208813167004659874e+02	9.971362957510697811e+01	-1.874836402700787374e+01	2.167566160748123139e+02	4.613118197872275914e+02	-4.933999694458145768e+01	1.622458615780076627e+02
3.008172715945524089e+01	3.086174280795342497e+02	-2.838009523019429139e+02	-3.979102019462359294e+02	-8.828674988899818743e+01	-4.701143760321456000e+01	-4.350948500134982737e+02	7.640282883098954869e+01	-2.880322827631546900e+01	-3.036270229481241927e+02	2.897169017760285570e+01	-1.310416542640934381e+02
-7.824170023195102885e+01	-2.416314765958315434e+02	3.050949936741303077e+02	6.276757855175831082e+02	3.614804101089233086e+02	1.623452079232035032e+02	5.060418000562449379e+02	-7.060584161984546370e+01	-4.039494285824509490e+01	4.618307599297490356e+02	-3.066389785288611733e+02	3.702557741304216847e+02
-1.455996546119240236e+02	3.597139885483942408e+02	-2.086728724848759953e+02	-2.206441959288948738e+02	2.209396303935806714e+02	-4.987136038226879009e+01	-3.366620051205870823e+02	3.596687500755239171e+02	-7.374595956644635919e+01	-3.534560793218187200e+02	2.096096495996874864e+01	-4.455233950531683718e+01
-4.220157226193091304e+01	8.304836271631705458e+00	7.552357312649169785e+01	2.496514860373550277e+02	-9.748179681879017622e+00	-2.701290928209454378e+01	2.323586619983744299e+02	1.062088540075947805e+02	-2.260913659360191161e+02	1.320950769860349716e+01	-1.363743453703912394e+02	3.010270238030786416e+01
-4.943318703954060567e+01	-4.155603248684366235e+02	3.100663834111541632e+02	3.591167324431887096e+02	-1.339362621956736348e+02	7.545685758782857988e+01	3.405412076189693380e+02	-1.671810412418278133e+02	3.824032249019262508e+01	2.720822155420331683e+02	7.271240466146841186e+01	2.015913167283054577e+02
-2.869635848490254375e+02	3.505767070276176014e+02	-2.099757890270375640e+02	-1.920733264185075484e+01	4.897095972547900260e+02	1.503361148714653872e+01	-1.192633017180564963e+02	3.129500964662258298e+02	1.199913206887395205e+02	-2.968645922530964043e+01	-1.650834239851062932e+02	4.165798409772812505e+01
2.598103002386767457e+02	-3.040364480240254466e+02	2.197659635963268840e+02	-8.084987596972707991e+01	-5.236667938571619061e+02	1.026642770130585802e+00	1.383434037531598051e+02	-2.494603719074738990e+02	-3.113628122121285813e+01	1.368043199181084049e+02	2.082571121476998997e+02	-8.460456945314632549e+01
1.967557155626915346e+02	-4.568981847733567747e+02	2.437421095119317158e+02	3.541694294102026674e+02	-1.803181269094440040e+02	-1.260450085747660438e+02	4.539298118724510118e+02	-3.269312570541300147e+02	-1.855527125404801723e+02	1.776232434643914360e+02	-9.939940370267025571e+01	1.196487856844580477e+02
-1.101931167483667195e+02	-1.187874757063864593e+02	9.887893385949035974e+01	2.937955668700163301e+02	8.099013817360928158e+01	1.711290155197980880e+02	3.590431487175477798e+01	-5.047475301215311561e+01	1.159864588534157406e+02	3.250182294098107718e+02	-2.493334685208405688e+01	8.277083375902573437e+01
-2.860948656257196490e+02	3.464873635534944469e+02	-1.274862314716988863e+02	1.060490269677541875e+02	5.243134519369491500e+02	1.297491648570351117e+02	-5.892084162248436741e+01	2.999107416463053255e+02	1.466011676812249931e+01	-6.382811282226834138e+00	-1.802008566709340300e+02	7.832432773393547620e+01
2.285689750588264531e+02	-4.068671665111658626e+02	3.016520774303820076e+02	1.716798664655524931e+02	-4.645234075987656865e+02	-3.870650036042571429e+01	2.228809742121854640e+02	-2.336898398551633420e+02	2.925462014141001887e+01	2.143924555523514641e+02	4.952100292779267221e+01	-3.526938916218220044e+01
-1.188371439207654561e+02	-1.171314692155225146e+02	1.053154689687536383e+01	3.863923728404899407e+02	2.132279655371861224e+02	1.247381736005297199e+02	1.174697319234925352e+01	6.186618480981923796e+00	1.997037493497804803e+02	4.483938668595622516e+02	-7.486882896959122036e+01	9.171123191952412412e+01
1.822565343355060747e+02	-5.649790817547361712e+02	4.335982263847000695e+02	4.432312412103364636e+02	-2.051286548083487844e+02	-1.092945693241233016e+02	5.217035847734817935e+02	-2.747662596545260953e+02	-1.438284662189612106e+02	2.302147950715044544e+02	2.419389663339993035e+01	1.312593951819913229e+02
1.904258271427881652e+02	-4.503173701548136592e+02	3.136859700280030552e+02	2.703261927029819276e+02	-1.805153089498487873e+02	8.538781311163218035e+00	3.561435614915000087e+02	-1.839538831085683057e+02	-1.919580853422027644e+02	1.505346321600739401e+01	-3.773332040659021658e+01	1.020945129014154702e+02
-4.601942788759231462e+01	-3.448452418986404382e+02	2.091564346029798571e+02	4.115895713064650181e+02	2.229758147906607757e+00	7.490330264521176673e+01	2.423889362400290395e+02	-3.161002502887312744e+02	5.405276187271466881e+01	3.858285743479211760e+02	-8.304533626533337554e+01	1.983556263958869295e+02
-2.644281461385418766e+02	3.182867538483678800e+02	-4.699637367881290828e+00	3.816908247029256813e+02	6.691881510592963878e+02	7.232429719906095045e+01	1.892352347308135734e+02	2.952905424377942722e+02	-1.325397923278197254e+02	3.248777389055689468e+01	-2.818533371943039469e+02	2.275032652097572452e+02
5.602809404381070379e+01	1.387017038094512422e+01	1.791043592536805207e+01	-2.454843741090555511e+02	-9.151998747952420388e+01	4.570643984970485008e+01	-2.377325781622381555e+02	-1.725126503678399459e+01	1.544328547874887363e+02	-3.865572460172497671e+01	8.669023398320327090e+01	-1.662514716811748201e+02
3.954870925243901070e+01	4.596629019403579974e+01	-1.751470003898487278e+02	-2.769725698582842597e+02	-1.945953163081830439e+02	1.966303636450906112e+00	-3.343041530047307219e+02	1.238827246971832707e+01	1.890783202002540122e+02	-9.533612909326093643e+01	2.691430466957339149e+02	-2.104290310717045145e+02
-2.566144706505014597e+02	3.215507788255637820e+02	-3.969271646556672550e+01	1.438744717127302977e+02	5.608011271487231397e+02	6.313707390331664016e+01	-1.195240612186059259e+01	3.557798728536552630e+02	-2.776915777100101934e+01	2.903965191402240009e+01	-2.179761986700074772e+02	6.120722678514422199e+01
1.265724231797824473e+02	1.473554579305818493e+02	-1.075622423992607253e+02	-2.426201337518018306e+02	-1.462496423914581385e+02	-1.785490405609047571e+02	-1.578122304833136411e+02	1.183160782676157083e+02	-2.738212401559896989e+02	-4.557375114311441848e+02	7.807439667523634341e+01	-1.111169666519788422e+02
-2.233649601340185882e+02	2.875090807907673138e+02	-2.935999379812853860e+01	3.173966614370199295e+02	5.463532768365693073e+02	8.131918347280791437e+00	1.592913440483831096e+02	2.145036814814075967e+02	-1.644005463763673447e+02	-4.268502030669832692e+01	-2.959938447537414277e+02	1.577340712074188787e+02
3.315471075073718055e+01	1.832245755831084750e+02	-1.475013147043146375e+02	-2.563837217756691302e+02	-1.017640141445950661e+02	4.154352417001042852e+01	-1.287687547456467883e+02	-1.595132421678314216e+01	4.870368938692218563e+01	-1.256279748313345692e+02	1.308917244054893558e+02	-1.814939661283720227e+02
-3.210517858378122469e+02	2.935350696311065235e+02	-7.579397689737099597e+00	1.169729376694750869e+02	5.759957807360892730e+02	1.058570456852338282e+01	3.872804458489428470e+01	2.518031200137971837e+02	-3.803150272145529698e+00	4.899768378013011016e+01	-2.310335750114295763e+02	2.222196305280576780e+02
2.660268498212803578e+01	6.736694189714461345e+01	1.417405721781401269e+02	1.017772641820749016e+02	8.106287822569176171e+01	-8.546762718830119354e+01	1.878820743677169389e+02	4.702929392764171013e+01	-1.923455870895117812e+02	-7.731659249906941511e+01	-1.596713255549960877e+02	2.427000888325067365e+02
3.027294257717468895e+02	-3.514010682457014241e+02	2.376111486475057575e+02	-8.201571433260005506e+01	-4.604546111827733057e+02	-4.079987388909546553e+01	1.616767762627212903e+02	-3.356886333895951111e+02	1.037131765049772554e+02	9.166813746887719105e+01	1.103043521926786781e+02	-2.277630576259417339e+01
7.941432500724560839e+01	-3.780527711133247522e+02	2.832294800237003756e+02	3.463186454446303628e+02	-1.646247725835384301e+02	5.073217354139320179e+01	3.193469355021611591e+02	-2.211100384983852507e+02	2.138319076320662404e+01	3.734300540172457090e+02	-1.176516430438671392e+02	1.363692573310948433e+02
-1.698935899960802089e+02	4.773805835022880615e+02	-2.311394774759038739e+02	-7.200199529406724253e+01	3.489771041691651590e+02	3.258917042799237151e+01	-3.074232090351186457e+02	2.455474040070139665e+02	-1.726837886252896226e+01	-2.650876721263017544e+02	-7.529131249152521832e+01	-1.024146030444890414e+02
7.399112673318452948e+01	-3.445798495173894480e+02	2.772077304154264539e+02	2.432029810674603425e+02	-1.176405880894084675e+02	2.276714721185129875e+01	3.585185829284886836e+02	-3.778242133651671111e+02	-1.075738909339310680e+02	3.208490476855895395e+02	9.440528874166520268e+01	1.195109533350063060e+02
1.155808706701701460e+01	7.612943344658016542e+01	-1.533380576256866163e+02	-3.260250875479976003e+02	-1.671520736432777881e+02	3.445874114967614332e+01	-2.825350479959339509e+02	1.258442533840142943e+02	1.330769492811979831e+02	-1.021846105777985940e+02	1.261717407395396151e+02	-7.606837139495520717e+01
1.880251644969123959e+02	-4.169358658599220462e+02	2.199308947560244007e+02	2.287449927538184795e+02	-3.205955203485395373e+02	3.082621270645921729e+00	3.566550816533476791e+02	-2.748567254069610044e+02	-9.995734000287470167e+00	1.849884697659965695e+02	9.411936034365275816e+01	5.382598061817443380e+01
-3.438861796235697170e+02	3.113036769102266135e+02	1.217369785917742320e+01	4.497081316594212126e+02	8.353777521844662033e+02	7.151875998029849768e+01	1.548963821238958474e+02	3.579962136094314928e+02	-7.945724787319443294e+01	1.483393110797920826e+02	-4.252739187217692347e+02	3.325637195484521840e+02
1.898413062370398734e+02	7.616157854304280761e+01	-3.327851812515331886e+01	-7.135164866369414938e+01	-9.239415667745502958e+01	-1.901695000683098726e+02	1.821359303448939500e+02	-6.523511505348889017e+00	-1.393531289101918844e+02	-2.509261311548429489e+02	-3.964732940668918815e+01	-6.475032395213874281e+01
-8.176783893748662990e+01	-1.457126835292252167e+02	1.260019741854087449e+01	2.611769374139304887e+02	7.798417746176779985e+01	1.125445185231670706e+02	1.188801341087253860e+02	-2.910406602934271092e+01	1.794898176995292545e+02	4.049863376823107046e+02	-1.174853514476711780e+02	1.591521380025360202e+02
-2.713502207708976925e+02	2.154508378166192131e+02	-5.959653998704609279e+01	2.352352437180701372e+02	5.641355905104838939e+02	3.446998496268150092e+01	2.302994717077744014e+01	2.814166491026036852e+02	-3.525322994746485961e+01	9.171538002667367095e+01	-2.064773642769058313e+02	1.485950643157797231e+02
1.783308213583511588e+02	1.642651533312917422e+01	-3.984644020584722313e+01	-3.971242450069965457e+02	-3.899093048602040312e+02	-8.691779609683887031e+01	-2.644706413223015034e+02	-1.325841178923422206e+02	-2.934678515774645646e+01	-3.426655225151450850e+02	1.108555823416534167e+02	-2.692882486776102837e+02
-1.097525655083866702e+01	2.814520612716925285e+01	-9.674869075382362382e+01	-1.320607762419899700e+02	8.059104873881155484e+00	8.200950440248934115e+01	-2.867168743042342953e+02	4.684051619101930442e+01	8.521221282221182491e+01	1.508259914528105128e+02	2.103785014709922052e+02	-4.652946242238166974e+01
3.130400382461633626e+02	-2.307302400089266143e+02	8.379745652489984309e+01	-5.339993698070248485e+01	-5.717736912737258308e+02	-1.196011674390407649e+02	1.094017053939783857e+01	-2.759600044586863419e+02	-1.221135167337722578e+02	-1.134014388733332339e+02	2.260639392234927811e+02	-2.631609390438120499e+02
1.991868493699822409e+02	-3.359988357618824466e+02	1.411942064532366032e+02	-7.367190118916218466e+01	-5.814197982336969517e+02	-2.457387764271875596e+01	9.748008893009948395e+01	-3.387031481647187547e+02	-5.136582285121156133e+01	5.147783987683372864e+00	1.623547109265679182e+02	-1.400718620525952645e+02
5.364919354658196937e+01	1.995680567248273292e+02	-1.276008169428596295e+00	2.121084778503863433e+01	-1.714247109553270088e+00	-1.430769819479691307e+02	5.716454932187949822e+01	1.533244577434435882e+02	-3.581519461045287471e+02	-2.915961495967392807e+02	-1.468171627085561397e+02	-1.510643517873436394e+02
-1.644096103059178517e+02	2.655006794093131361e+02	-7.281606945806289843e+01	2.385730432413523374e+02	5.481629354589675813e+02	6.921566412395981160e+01	9.698082639875815403e+01	2.007958052113224312e+02	-2.719665042110630182e+01	1.325263739893666468e+02	-2.267026046120407727e+02	1.708095323478369494e+02
2.960530799038541971e+01	1.517386205430924235e+02	-1.786805635747266479e+02	-1.813521920211789507e+02	-1.473419664535798574e+02	-6.074091959253755846e+01	-1.272329916799589711e+02	9.576268789889432753e+00	-4.990204256404266658e+01	-1.653185245011011659e+02	1.002654449599347117e+02	-5.876479460559839652e+01
1.155700620527715756e+02	1.862830677854026646e+02	-4.070666050244388146e+01	-4.542949233430982190e+02	-2.696751839108148943e+02	-8.082960923345662252e+01	-8.008230074696344047e+01	1.290718679127342341e+02	-2.654133170616665893e+02	-6.328489025643627883e+02	6.036857168632117521e+01	-1.708502541581314063e+02
1.925650006682002697e+02	-4.003895442386652235e+02	1.852022905868457769e+02	3.024849382712708916e+02	-2.573249867762125973e+02	-6.746380887575595864e+01	2.638062928348709306e+02	-3.412611577029452974e+02	-1.211127368911228928e+02	2.515640534094638099e+02	6.836657282133977276e+01	8.287543944338639790e+01
1.894651289298739627e+01	2.473752846868832478e+02	-2.294193161376008163e+02	-4.279398220460724929e+02	-1.310620977662135545e+02	1.532782358765673081e+01	-3.645386602358851178e+02	1.124048955161056398e+02	-7.057573927703732863e+01	-3.503365665836416269e+02	9.428746862303604814e+01	-1.589196849388678459e+02
-1.071339180161822782e+02	2.004124050202493379e+01	-7.696408633108701736e+01	-1.607920598986331129e+02	-1.963426303269634161e+02	9.035178507034828499e+01	-2.541411209952930221e+02	-2.321949218247951663e+01	6.003791785322905383e+01	-2.777631973406681354e+01	2.087346751202494204e+02	-6.440689617526756194e+01
1.706625116593851601e+02	-3.416479871008618261e+02	1.661386741523307080e+02	-3.148510385527801247e+01	-5.112285599233150606e+02	-1.694121375249260453e+01	1.373464622243518534e+02	-3.886332830848394337e+02	2.167141288591371051e+01	1.129163329780104732e+02	1.509645534346149418e+02	-1.485636555509329355e+02
-2.924555221797735385e+02	2.497195457831342082e+02	-3.870083116332053486e+00	3.130803312868240482e+02	5.133451680945511271e+02	2.961319312632770817e+01	8.351415561074601612e+01	1.605328547872232434e+02	4.999377073216842859e+01	1.667831609209617056e+02	-2.312049788411372049e+02	1.911833247539250351e+02
6.892451608745011526e+01	4.272585321483561671e+01	-1.426915937558298708e+01	-5.258306088003426737e+01	-8.686491490114210023e+01	-5.207504220124344840e+01	9.845507011718183321e+01	-8.815952970065299610e+01	-1.837294922981786840e+02	-3.521660456924169011e+02	-2.069472649020724475e+01	-1.043875545996573635e+02
-6.788949759005113549e+01	-1.757179072789802774e+02	1.533137212869571613e+02	4.821858844781730795e+02	2.315545791525417485e+02	5.736552522707745538e+01	3.077779530920512912e+02	-6.947587476967633791e+01	-1.580846680483082523e+01	3.226632153688161679e+02	-1.444940153326711254e+02	2.397942556895189625e+02
-2.467823269279776923e+02	-2.593020269257002042e+02	1.875793501522400391e+02	4.790340355762756417e+02	2.681409565811622997e+02	1.002164532087969491e+02	2.129614879661608313e+02	-1.546951441393678408e+02	2.939129483103616849e+02	6.712614124616599156e+02	-1.165578076446765721e+02	1.624201268398809930e+02
1.281239213940835668e+02	2.047318833011789252e+02	-1.965377988833693621e+02	-3.375282100872072419e+02	-2.263310124075674423e+02	-1.505252972387960142e+02	-4.604052355116873940e+01	1.246901429645745196e+02	-2.917694315444338145e+02	-4.445135395060439123e+02	-2.670031460289984437e+01	-1.997234581615067270e+02
-1.671410677031262821e+02	-2.114925183522680072e+02	2.227150464948344677e+02	4.264753051681609577e+02	2.036716291506419907e+02	1.144954628536839749e+02	3.157151554256304848e+02	-9.608719992842536328e+01	-1.662460755988183081e+01	2.731338248585170163e+02	-1.748430058754125298e+02	2.663454932100889323e+02
-1.636467632555937257e+02	3.384448107794938210e+02	-1.581013566463833229e+02	-3.063635192811035495e+02	9.050542905043549524e+01	5.327340066439343502e+01	-4.664087977742473186e+02	2.194647030448760177e+02	-1.864735933066863893e+01	-3.847282031783675507e+02	6.077139917871046038e+01	-8.256839235727501602e+01
-5.693269416038559427e+01	1.025318248373142893e+00	-4.478274271295000375e+01	-1.769267757664110547e+02	7.231104752938057345e+01	9.423128585146997693e+01	-2.654216846210872518e+02	-3.788730370021552574e+01	1.959559967361289239e+02	1.020241452725352644e+02	7.900404311974173766e+01	-1.133308396112810925e+02
2.844801368279876783e+02	-4.212176506139078924e+02	1.593182671436896101e+02	-3.459373855946847698e+01	-4.199426225260373826e+02	-1.529944353348927280e+02	9.015507470458324235e+01	-2.967276454253365046e+02	-1.981330490432018010e+01	1.777605848304247900e+02	2.154476348963333123e+02	-1.332613182042382505e+02
-1.320243349546339573e+02	-2.196483318793338810e+02	1.443512944385400090e+02	5.929251611127535853e+02	4.131054438502868607e+02	1.556983413457598147e+02	3.184658106205305330e+02	-4.967260185992682864e+01	2.000396927343441860e+02	6.475011377428745618e+02	-2.139821310688954554e+02	2.952714135697724487e+02
-4.625535219542896925e+01	-2.674349875077033403e+02	2.848899134120678127e+02	2.868601368866119969e+02	1.039355110776352262e+02	1.070282984671183328e+02	4.027615519143122356e+02	-1.556298350816424261e+02	5.884546660641507287e+01	4.014355665133628577e+02	-1.407541245580114833e+02	1.297847388901053023e+02
1.487720866338706003e+02	-1.925600359704145603e+02	1.554409265633514394e+02	1.155041082293460875e+02	-1.842625120922977260e+02	-8.434972993932275642e+01	2.650438960210994992e+02	-1.480965032704807811e+02	-2.903836140350290407e+02	-1.559519695071303147e+02	-6.322766170590094958e+01	-2.494418259970799312e+01
3.201423233062639184e+01	1.485808851362325242e+02	-6.684456206580804860e+01	-2.139936870428076645e+02	-1.846415434107408373e+02	3.154759815065969875e+01	-2.641655952844926105e+02	9.247751499151939925e+01	1.566414116817522597e+02	-1.329434225654997022e+02	1.366562636319378896e+02	-1.696264290589431880e+02
2.888534225203828143e+01	-9.050696728040448136e+01	1.923493427782739502e+02	1.910782448675141438e+02	8.180552255216245783e+01	-3.714824618739675799e+01	2.360569285168317322e+02	5.647204119832758806e+01	-1.448391032708078683e+02	5.012860623570878005e+01	-1.536003486967101708e+02	5.734785392204221210e+01
1.482596022551177128e+01	1.552927778173589672e+02	-8.244582169094924495e+01	-2.253954230858424239e+02	-6.562495009974432492e+01	-9.533546706926269110e+01	-5.872487281344736232e+01	2.752311609008737392e+01	-1.358720704106259234e+02	-2.661221542013227577e+02	6.585593278113819338e+01	-9.415210127350775338e+01
-1.392612440101451625e+02	4.701183115774646240e+02	-2.562939813730743595e+02	-1.602064490154423595e+02	3.354979361393396289e+02	-1.861697194325230598e+01	-2.260366880988254934e+02	3.300836277784717936e+02	-7.869397380090082095e+01	-1.205085889791269977e+02	-8.223699280732515149e+01	-4.603715193829319219e+01
-6.619870550182051261e+01	-1.419743024768238513e+02	2.839218695198989053e+02	6.604111617328317152e+02	4.272214083299944605e+02	6.345141627338775514e+00	5.329404556664611619e+02	-4.055797165274621818e+01	-8.266613963451354152e+01	3.247128881106845597e+02	-2.573397229655938077e+02	2.771172580473025278e+02
-1.371882577875234119e+02	9.025844709339180838e+01	9.843108801073896075e+01	2.592214473916729389e+02	5.353740929995030911e+02	1.665232042012862337e+02	1.593548908429374649e+02	5.805804396465094186e+01	9.937141850484600525e+01	3.011089622445554141e+02	-1.953334117182182013e+02	2.405304011699471403e+02
1.615362487205819377e+02	3.668167049673110824e+01	-1.101534803842766053e+02	-2.084352132717813788e+02	-1.741791773968647874e+02	-1.568245422060697933e+02	-7.242647003099277470e+01	3.003792543297638673e+01	-8.113081538739545806e+01	-2.840225231543266773e+02	5.890917343204849033e+01	-8.146019901867811086e+01
-2.478423553119357692e+01	-2.217388130336064762e+02	2.471862319401235197e+02	3.151900378339898907e+02	2.528762940836087409e+02	-1.028285670731204675e+02	3.046458919877088078e+02	-7.206269639738577837e+01	-1.937562973175543846e+02	3.813339036766086565e+01	-2.251002602720249683e+02	2.665315964538696107e+02
-1.670875154415996917e+02	2.522294766140675790e+02	-1.497496934033453009e+01	1.864998299055233133e+02	3.702054494190994660e+02	-9.945726992746210726e+01	1.262193875028099512e+02	4.437300526086534092e+01	-2.191923005388794081e+02	-2.080036662381613723e+02	-1.349791079547898391e+02	1.071217104033321448e+02
1.266699859207278962e+02	-1.286006901324407465e+02	7.021373341499166543e+01	8.036523233436356861e+01	-1.904495187599558506e+02	-2.493723398111945642e+02	2.217195222626596944e+02	-7.157170409127803623e+01	-2.553404834444100402e+02	-1.734076114140302707e+02	-7.527256720797130640e+01	4.519432099322933993e+01
-1.631780303853141234e+01	1.613616383753220305e+02	-2.761586787025200351e+01	-8.492445944277616832e+01	-5.981409086588025303e+01	-1.481038581766815412e+02	9.243665241654896647e+01	1.364863298902637325e+02	-3.516489900090166429e+02	-3.937540369732511749e+02	-9.115756965631730324e+00	-1.053722083280691280e+01
2.552761968711802183e+02	-3.001970546184555815e+02	1.521224619036679258e+02	-9.229514795894645829e+01	-5.358779870442834863e+02	-4.261273912117729168e+01	6.688065817867708063e+01	-3.375634760657976585e+02	-5.821039770671554692e+01	6.395882696411539570e+01	1.728836651687798849e+02	-8.118217484326819999e+01
-2.995209793099016338e+02	2.032400420083086203e+02	-5.409256545832724328e+01	2.700341855026831581e+02	5.218456114241351997e+02	4.074861886078615925e+01	1.833549348592592878e+02	3.003835639148130667e+02	-2.141389889996702038e+02	6.987532153554596448e+00	-2.890068064894661575e+02	1.875431753090927032e+02
1.179198573970038488e+01	1.263287436836568247e+02	-2.796311968574431006e+01	-2.571359063796107876e+02	-1.152607747667191944e+02	-1.523930036967068133e+02	-1.159974958269395131e+02	5.716208884611110541e+00	1.538219774047280097e+01	-1.567506739443159063e+02	6.332112140717371318e+01	-1.275954341884544050e+02
9.430590315254842437e+01	2.244617547465940959e+02	-1.965725978456639211e+02	-6.130853919408990578e+02	-2.235064765394128017e+02	2.129066981148025306e+01	-4.975134871879126308e+02	3.960859745055192604e+01	2.162621244683462294e+02	-2.338217810487244890e+02	2.641889203582952632e+02	-2.688925351779648736e+02
9.267441832128922385e+01	1.554917472486707481e+02	-9.812516231671455103e+01	-2.512942152405523757e+02	-1.824096632810990570e+02	-1.061295003552651366e+02	-5.515521960883680919e+01	1.474135619743246828e+01	-2.362918178348728020e+02	-3.966721265653729915e+02	3.750973788265969233e+01	-1.251447384972286869e+02
1.931374450509088376e+02	3.405802698108975051e+02	-1.798236586210290398e+02	-4.386885429938757852e+02	-4.363998191306981767e+02	-2.295082354181488427e+02	-2.448588479350612488e+02	-5.369316409462791739e+01	-2.724936845014924529e+02	-6.015498970470292761e+02	2.089324307773312057e+02	-2.435172170602499762e+02
3.697941466555759060e+00	1.548460435856173545e+00	-4.861395049927092060e+01	-1.965563490475375730e+01	-2.365112842868389720e+01	1.169182064113474695e+02	-1.257599948348006222e+02	-8.262014724565987933e+01	1.699042598634893864e+02	3.472810821735702689e+02	8.854127989256410558e+01	-5.390771289740257544e+01
-1.852304516433453045e+02	-3.062020383630277820e+02	2.187161240013380166e+02	7.411816690029987740e+02	3.796516093234701543e+02	1.237796219059696199e+02	4.295974502835560997e+02	-2.079912012746997974e+01	8.168380378396001618e+01	4.946518045887215749e+02	-2.671337990381492773e+02	2.890248997374961846e+02
-1.162968483834944067e+02	-2.499424395528610887e+02	2.016846099363969529e+02	3.502746597010809637e+02	1.298048973885281896e+02	1.029139125555736030e+02	3.992969111407634273e+02	-7.911468561845595104e+01	4.353084180543551440e+01	3.530018521035264598e+02	-1.537483899840366917e+02	1.848878482777880663e+02
1.645416700817055755e+02	-6.647697069633212550e+02	3.959256225831099414e+02	5.082636974324464063e+02	-2.846975067500080741e+02	3.997136682775399663e+01	6.565976295712085857e+02	-4.081736777224104458e+02	-1.207069403144728028e+02	3.775990740965994519e+02	-8.254464563993799686e+01	2.546179165163710820e+02
2.141584562536419867e+02	-4.703617932289489545e+02	3.574877955804339535e+02	4.439452648432097135e+02	-2.331600363882457430e+02	-4.106541074870278862e+01	4.409576304785907723e+02	-2.792042969798697527e+02	-1.615686983788103248e+02	2.130574018074072171e+02	-4.749648335431689361e+01	1.056670839357385887e+02
-3.311653771689832659e+00	-4.961923109110238528e+01	3.848162444674357374e+01	2.222981774490284295e+02	1.022669426974780151e+02	4.924181039914667224e+01	2.529992930979160519e+02	-6.599561273558433072e+01	-1.696045872230763223e+02	-4.771827739987610073e+01	-1.396071990352193382e+02	8.952623077527127293e+01
2.112898336832145390e+02	-4.647482384073801995e+02	2.887367110607364111e+02	3.483863044720559969e+02	-2.614060115984478330e+02	-3.681903120234009918e+01	5.592306942059193489e+02	-2.376532083177092147e+02	-1.232287456183930345e+02	1.732678636078267687e+02	-4.453953458177358726e+01	2.337457550005950964e+02
4.211382745019039930e+01	4.350973849073356092e+01	-8.356820984852114975e+01	-2.188706226167062425e+02	-1.763932345807008630e+02	-4.578519984719520863e+01	-1.518604659486719299e+02	-3.342029111737205294e-01	6.305320506399881708e+01	-1.865220022788467134e+02	1.191115943841189875e+02	-6.414264810127895089e+01
-1.681842838785557603e+02	-2.355402855562613595e+01	9.110099327744329401e+01	5.103609817685112375e+02	3.811006910033337931e+02	1.235259331013362072e+02	2.128655389668020916e+02	1.065113333177794743e+02	4.102488146469734431e+01	2.948850703407607057e+02	-1.335935310883500904e+02	1.693566432143718430e+02
1.346727079686156401e+02	4.344876471607687307e+01	-6.664773857117833700e+01	-8.593444972295509388e+01	-2.274262930796923001e+02	-1.920479288876206283e+02	1.461372584946792870e+02	7.462816146252619376e+01	-2.354659986687528033e+02	-4.351659206269586093e+02	-5.962660196228650733e+01	5.377863745489334946e+01
-1.779107935431145222e+02	-2.542201352827648293e+02	2.750713336668131888e+02	6.645680131497430239e+02	3.286199149580135668e+02	1.221188988566557470e+02	4.517514993605069549e+02	-7.033594666762148506e+01	-5.016238726477969578e+01	5.489838141585297535e+02	-3.195188108402433613e+02	3.012011326053898301e+02
2.176205210589230603e+02	-2.817663973525103529e+02	3.530099362395203144e+01	-3.034142468160515591e+02	-5.346547905069037370e+02	-1.110043048355760789e+02	5.051528093926755503e+00	-2.324641565733962523e+02	-4.250063551447370358e+00	-2.259086157266516750e+02	1.517311049917522325e+02	-1.513242926883507664e+02
4.427455441919922130e+00	-2.908112355493053087e+02	1.656711292838198801e+02	3.335859402357403951e+02	-4.295066730802504651e+01	2.286399275408523479e+01	3.461770675195084550e+02	-3.054300933391389776e+02	7.575601291060361575e+01	4.128748011560373357e+02	-3.087094938663924992e+01	2.357890608539490245e+02
4.890576622234505955e+00	2.777362768661894847e+02	-2.414291957030562799e+02	-4.037556871159291063e+02	-9.583596910664233803e+01	-3.024283924789452627e+01	-3.297820943890271792e+02	1.983544255323846244e+02	1.971404412224990210e+01	-3.514181916767495863e+02	1.039250190424651095e+02	-2.995904292359448391e+02
1.970823404389520590e+02	-3.620957264479787341e+02	3.151047484314692042e+02	3.627148087907364697e+02	-1.888820680050853582e+02	8.422507513276981328e+00	3.165211817389966882e+02	-2.007289590008231244e+02	-5.432462649740769933e+01	3.327808372105517947e+02	3.196139446194754541e+01	6.108959722515271551e+01
1.149058357333672404e+02	-6.285167066975409398e+02	3.027395646484683311e+02	5.714128554499690154e+02	-2.672899917811895989e+02	-1.672661550125072694e+01	6.620460240360241642e+02	-5.303925930560662891e+02	-1.080922327218242174e+02	3.517158668808891093e+02	4.268844157374842041e+01	3.280387948354464243e+02
1.970845024882506493e+02	-2.672200193497278065e+02	1.717033880002543640e+02	1.716303028485425273e+02	-1.865577462064628378e+02	-2.063886060947222632e+02	3.929125732052521016e+02	-1.845662878892808010e+02	-1.933179110300150683e+02	1.481075340024002962e+01	-8.733270515711841142e+01	8.125330688620245212e+00
2.141398949903410909e+01	-6.371991591519222453e+01	2.365127018196206876e+01	7.758936450254734041e+01	7.363593276138616694e+00	2.104584624376713577e+02	-2.189824404889277076e+01	-4.242927524842551179e+01	2.413496501648261301e+02	2.853204233638768983e+02	3.251405279991791630e+00	-1.402077888632412339e+02
-6.146658967159645215e+00	1.333126224638823203e+02	-1.950280887130156415e+01	5.147914452213326797e+01	1.485512853500271149e+02	-9.685818118651350517e+01	1.566908414492648944e+02	2.722049196451005173e+02	-2.496982061197931841e+02	-2.602671054086761728e+02	-1.564991634799359304e+02	1.015795514385140308e+01
2.790247976259231564e+02	-1.807688947870020399e+02	-3.365376663025708837e+01	-2.826015426082939825e+02	-5.105789243882952064e+02	-9.632024451486844896e+01	-1.303478727812444902e+02	-2.981764572277816683e+02	-3.607554143467289265e+01	-2.014915256720014440e+02	1.751854906468832382e+02	-1.849578668990399137e+02
-9.286774187175785400e+00	-1.327146953087356707e+01	4.317817193973031209e+01	1.243818199498489463e+02	-7.786692436223798097e+01	-7.156980043666307267e+01	3.957487720691796085e+01	2.625115724372583514e+01	-2.937315551284446542e+02	-2.634966884392888460e+02	-9.140390488071560071e+01	8.919596605480703033e+01
-1.073100107389247526e+01	-7.675850680292123229e+01	1.392571522761835467e+02	5.184413654270224470e+02	2.853830316281848809e+02	3.385648859046199988e+01	4.993514465896109300e+02	-1.282188695717725579e+01	-1.935307882581855949e+02	1.695252683002478591e+02	-3.003002413229989429e+02	2.245532419094455463e+02
6.288626399033790904e+01	1.756319839336003383e+02	-7.891712184729867374e+01	-1.865370736152962365e+02	-1.178502688001997853e+02	-3.650183193787922420e+01	5.229294640013078421e+00	1.040454364124692574e+02	-2.069252655510280192e+02	-2.231690834601513131e+02	6.232237689399864422e+01	-4.239544396289723949e+01
-1.852148236484481458e+02	-2.954378623176450560e+02	2.307059171573933156e+02	6.128857074225746828e+02	3.886600192458161018e+02	1.186908291907727602e+02	5.259037921664307760e+02	-1.948656029747704679e+02	-3.014583523489456596e+01	4.438118782601445105e+02	-2.971013403595410409e+02	3.669688414059412480e+02
-3.084359820583143801e+02	3.055749883927097699e+02	4.951719990234978441e-01	4.990876338964284855e+02	8.681880566747395278e+02	8.326591232245193908e+01	1.279688369258714147e+02	3.534776536427680185e+02	-1.109499171560296986e+02	1.532235743125481804e+02	-3.761221913133771864e+02	3.341870839314588011e+02
-1.803805265092762511e+01	-5.902260951975958392e+01	2.396313218362793123e+02	4.065174708909861465e+02	1.778804515196695775e+02	-2.925279617286246747e+01	3.709974161687994183e+02	-1.218955849338381228e+02	-2.015333366406192113e+02	1.244444719468174583e+02	-2.329653973634187594e+02	1.750093278400905206e+02
-2.744696281069793145e+02	3.505076420779776072e+02	-1.619992536313495464e+02	4.986688583606041902e+01	4.452118464662548831e+02	7.957569770567296530e+01	-2.255728455291799435e+02	3.751844588154831968e+02	4.083990121231285997e+01	-6.469608653109988339e+00	-1.743436361800935401e+02	1.593775461240543700e+00
8.766395150493084998e+01	4.453032932980837444e+01	-6.555351188224305758e+01	-2.779973234984725536e+02	-7.875296090097369017e+01	3.658897561564593115e+00	-2.397611919704614536e+02	7.063678970069665297e+01	9.988559765566203907e+01	-1.752494853502608692e+02	-1.288612337333115399e+01	-1.360960914264535688e+02
-8.967703541519122723e+01	-5.544908560145128007e+01	-6.032151355897369882e+01	-8.425723737047253792e+01	2.377292841391142331e-01	1.049614895375792401e+02	-2.061369721816367075e+02	-1.267591427445283969e+01	3.055680138282173743e+02	1.339493989520663320e+02	8.456414516103210133e+01	-5.227314280162860882e+01
-1.447748826245507416e+02	-1.392794255163672688e+02	1.616373156298262188e+02	5.184798870486084752e+02	3.047081119063735741e+02	4.108507238943966655e+01	4.649015144464358400e+02	-3.662172265733378396e+01	-2.357607205199757914e+02	1.764160812912641916e+02	-3.418077896401815110e+02	2.194202717772585345e+02
-2.084260690224419648e+02	4.475032699517341257e+02	-1.950859138737805552e+02	-1.969467710664339961e+02	4.033348290855955725e+02	4.308136201632436979e+01	-2.500095836939789820e+02	3.148381427506105865e+02	-1.811656254434911162e+01	-1.440267187099783257e+02	-8.296513419811225276e+01	1.052165001304912408e+02
2.674900713419687577e+02	-5.032819046182027591e+02	2.914911716506266544e+02	3.920425568172835256e+02	-2.508376624112047182e+02	-6.363347615536688551e+01	5.316638898123551371e+02	-2.835091224916588999e+02	-1.109574935399840427e+02	2.367764748982426681e+02	-9.289549291066410319e+01	1.956836521358492291e+02
1.684040370296449112e+02	-4.243922906487735531e+02	3.274689105441092352e+02	2.546437491727344593e+02	-1.817213674877658320e+02	-1.778971635792406047e+01	4.080345206731203120e+02	-2.165916386867554024e+02	-2.078946252630950937e+02	6.714795672250983216e+01	-5.685741864141671442e+01	2.539947063845952258e+01
-4.765064323101638877e+01	-1.526882210260326076e+02	8.656077864507261665e+01	2.769010384117947865e+02	1.328142300689916908e+02	1.376832374159588426e+02	7.868808972983423189e+01	7.788507634223539355e+01	1.741813557064786266e+02	3.934009419086189041e+02	-3.578288400404728975e+01	7.223063656182537784e+01
-2.757491428194723539e+02	3.894142210681553706e+02	-1.632992844631543790e+02	9.036069511855941983e+01	5.297019937334218866e+02	1.078962959668241552e+02	2.752816189603271013e+01	2.852766447651321187e+02	-6.042035159633948638e+01	5.362048856637318295e+01	-1.854040728739089161e+02	1.510599174210921944e+02
-3.138591131868492994e+02	2.267096755144085023e+02	-8.271339825173755855e+01	3.282740683211926012e+02	5.567870872833520934e+02	7.568571314961489804e+01	1.450437471626884189e+01	1.036313689924931936e+02	-2.466266260850716918e+01	8.669610848132255398e+01	-2.062963429469517678e+02	1.530552197942323858e+02
1.262419782502054488e+02	-3.534769572448190615e+02	3.381040501669536411e+02	2.326916713788010611e+02	-2.462445722622002791e+02	-7.402531497122934567e+00	5.155803137085860044e+02	-2.697349750639635886e+02	-1.017336388470571649e+02	6.927077235937198907e+01	-6.778117170581715811e+01	2.468051281751537829e+02
1.135138746277207673e+02	-4.155527766870127380e+02	2.890374862362713770e+02	2.713100300828135119e+02	-1.545028635931894030e+02	2.747003581219285451e+01	3.709318557354432073e+02	-2.151079573817125095e+02	-2.230254308729086254e+00	2.369107011622272694e+02	8.711010835585457812e+01	1.227942001745364422e+02
-2.862531274385642632e+02	3.031533002501956844e+02	-2.291941974390106651e+01	1.316669312367087059e+02	5.194042388328811057e+02	5.789739114807050413e+01	-9.506525860169176667e+00	3.124058922078506271e+02	6.332056084753318714e+01	2.022621104629444844e+01	-3.054852958148058519e+02	1.292687534354820400e+02
9.966396617304228434e-01	3.323675849007589136e+02	-2.432967669900684768e+02	-2.884643306462377268e+02	9.426723597820732437e+01	-5.868831351198146962e+01	-4.070978590040716085e+02	2.788730570754740938e+02	2.871823742430372306e+01	-2.944254128342292915e+02	-2.867185586122137053e+01	-2.036912926456923856e+02
1.022029849007127780e+02	6.513402025556335673e+01	2.641835285606528316e+01	-8.746187784235677043e+01	-1.290948392343317437e+02	-2.071765360663550837e+02	1.380279892566304909e+02	1.151133827774856684e+02	-2.744470224693037608e+02	-4.591418315162216004e+02	7.912889749541925255e+00	-5.728106185041563236e+01
1.653598792622258173e+01	2.616699602434534881e+02	-1.775373292138076522e+02	-4.520079361242111986e+02	-2.075903596868089664e+02	2.022234238341628654e+01	-2.402205659436151564e+02	1.298334801184885521e+02	2.963429363831935959e+01	-4.350708640180375824e+02	1.215785045742404975e+02	-2.113874792081034002e+02
2.330760969751612421e+01	-2.902170399396657672e+02	2.686382124004837806e+02	3.219823029608512570e+02	1.110385640684235398e+01	1.427299627802756845e+02	3.352523350735963277e+02	-1.822971679561796918e+02	6.048492755382895325e+01	3.785474615802690437e+02	-6.065664830370567984e+01	1.979672046964752781e+02
-2.566594327043094950e+02	-2.725141294528020239e+02	1.821405792822448007e+02	5.466703203318816122e+02	3.858077475908123688e+02	2.455706996358895253e+02	2.303654022697193682e+02	-8.929111194961562603e+01	1.475557262326783245e+02	6.166783391094928675e+02	-1.878137791489135111e+02	2.840759157439139813e+02
1.153934372172098648e+02	1.215113431246129920e+02	-2.330563364648601237e+02	-5.130234616394038767e+02	-2.402803966384701368e+02	9.663032566338482354e+01	-4.278915053952816265e+02	6.439855459610427602e+01	8.256997724158399876e+01	-6.107692644016275807e+01	3.118121654301979220e+02	-2.944299793246403851e+02
1.161031198109453726e+02	1.055776149386344400e+02	-7.883561952544685880e+01	-1.706350814044834863e+02	-1.907582929874586171e+02	7.323062184343513081e+01	-1.693300435726065700e+02	-4.742546807126992547e+01	1.061486557250675844e+02	-2.425131272590201803e+01	8.627002042164137663e+01	-1.407848668967066601e+02
4.404468639955299381e+01	4.271153986577832029e+01	-1.087273996179131359e+02	-2.540947774542403863e+02	-1.151748276877637522e+02	2.763022492423719001e+01	-3.002458523838570272e+02	1.103973205977253400e+02	6.479848631593640107e+01	-8.550665541630841915e+01	1.680252868638727648e+02	-2.010054389492077860e+02
-1.703003172722605143e+02	1.043790996892992773e+01	1.011799375582552614e+02	3.417747290173186911e+02	4.110053015374646179e+02	2.041559243656311935e+02	2.161997889697308324e+02	1.624804217371487312e+02	-2.726136405180039191e+01	3.794758760030931626e+02	-1.908132906233585686e+02	2.586421040527528135e+02
5.571914465552422513e+01	1.172768919750103009e+02	-1.113034797930892523e+02	-2.007116885714438297e+02	-1.195900519990822488e+02	-1.041229075281685823e+01	-2.782792005858065636e+02	9.742130881995178981e+01	3.848969703866689684e+01	-6.364687999324575429e+01	2.160352016897411715e+02	-1.967688762626088987e+02
2.885003064379340003e+02	2.260843360554550543e+02	-2.048069484405326364e+02	-3.881764693067930239e+02	-2.818561099504203185e+02	-2.920156228650700996e+02	-9.888451713546017174e+01	4.736312968083284858e+01	-1.923912587685966855e+02	-5.912060137735604712e+02	1.433908117679519592e+02	-1.696459418513007051e+02
-2.648168671106413399e+02	3.891664718953765600e+02	-6.110762328480871730e+01	1.050520691013974357e+02	4.986014054064210654e+02	2.242979801868170142e+01	-1.270486351949263621e+02	2.573035835561201452e+02	2.116428918482870625e+00	4.010980629516740237e+01	-2.401496673243257192e+02	6.884278893267047295e+01
1.461554340937576910e+02	2.951995871118397119e+01	-6.745691102294276220e+01	-1.984401830542975631e+02	-2.237723015739530581e+02	-8.846265790568483567e+01	-1.213487979666675756e+02	3.892718856166641217e+01	-7.423149062857953595e+01	-1.797082890821274930e+02	-5.422468550188756353e+01	-1.328008195745022988e+02
3.620916418648089774e+00	-1.205244638619345068e+02	1.089262726874502931e+02	1.849121498847148359e+02	7.800577894850704297e+01	-4.009254811134574936e+01	2.121089935539298779e+02	-5.184206985388845368e+01	-9.829185786571088101e+01	5.654398027945048000e+01	-1.580468920531891683e+02	8.465751469925905326e+01
-7.876478257060213650e+01	7.397865463391063656e+00	-4.330364101296994761e+01	-9.484466336779189533e+01	1.431738827671572700e+01	1.766463643622367670e+02	-1.406621627778990558e+02	-2.189091052923266290e+01	2.087705696949988692e+02	2.222578596328876586e+02	9.206604472240073278e+01	-8.978479250565473535e+01
-1.243612899396946574e+02	-1.985116288502493092e+02	1.730729438775267965e+02	3.947309328722361670e+02	2.686805477895915715e+02	8.430197251830098537e+01	3.198418625802523820e+02	-1.252009631603334299e+02	-7.574359722335940148e+01	3.399957656218033435e+02	-1.563051064602326790e+02	2.723563416698218020e+02
4.077626742061263343e+01	-5.124939442631567488e+01	5.772038794063666245e+01	-3.106646962014141522e+01	-1.818672757312131978e+02	-2.221902833516454336e+02	1.449449406851690298e+02	2.396683467887173435e+01	-2.303339849418794074e+02	-2.691061695180968627e+02	-2.692873320193574926e+01	1.356674259097275836e+01
1.742329042153198770e+02	-2.871182102144610440e+02	1.705584213430406919e+02	-1.273752518321294076e+02	-5.466458386327735752e+02	-1.864079595578334647e+02	1.078012048181234803e+02	-3.018316702541024483e+02	1.886779442002205487e+00	-9.979217967385859822e+01	2.167344494881538139e+02	-5.225615493311546089e+01
-1.337827775355470408e+02	-1.353464669656167096e+01	1.746034573297147574e+01	1.113878230721481799e+02	1.657747065662950945e+02	8.742198593947104257e+01	1.689798121771260497e+01	-1.245692751808577015e+02	1.622926670990956666e+02	2.480923880762763076e+02	-6.936866822554066836e+00	1.454819965771741010e+02
-1.362468111087662592e+01	6.426605355741179437e+01	-1.303649240063319041e+02	-2.110750750717918152e+02	-1.352875308760468727e+02	4.318259884942339255e+01	-1.255766229283258184e+02	9.221136543727727997e+01	-2.455500664153937151e+01	-2.601131903867941446e+02	8.803254500829905282e+01	-1.524594697749508327e+02
-1.340981028345798336e+02	-1.465316889312168769e+02	1.145463610224855842e+02	1.784115866921521842e+02	1.379086202980673193e+02	5.776194637801384602e+01	1.101430427737477089e+02	-4.985503436647728392e+01	1.654323989491838915e+02	3.341446243396616751e+02	-9.292642397259861298e+01	-3.276632303371840038e+01
-1.192998212575304109e+02	1.625433861049203585e+02	-6.918316801803140947e+01	1.950796653649466066e+02	3.313125193605595769e+02	-7.798097393492248841e+01	1.420757139515537801e+02	2.814232430328503938e+02	-2.455502192190424182e+02	-1.609090154958449546e+02	-1.533881842323512501e+02	8.945224942763915976e+01
-2.072273575603722691e+02	-9.334530191149831069e+01	2.021222791253858588e+02	5.120302577410427602e+02	2.061258804637801916e+02	5.479021151644332122e+01	3.093943497470647230e+02	-3.343326356551933998e+01	6.011721046038210403e+01	2.460731878429262736e+02	-2.598909808212124517e+02	2.585080700775656055e+02
8.483064215026087140e+01	2.693210244512841101e+01	-8.236742271330216170e+01	-2.039973050905343825e+02	-3.011310520962842574e+01	-8.683098893664671891e+01	-1.039616706351544906e+02	1.479245762672210560e+02	-8.688202317058878066e+01	-2.266427323344298372e+02	1.366517228069272676e+02	-1.403400873297992462e+02
-4.131301063444887944e+01	-1.951574333277163564e+00	4.242546117085635871e+01	-9.822571976066113564e+01	-9.336133185500850473e+00	1.132439348739306553e+02	-1.767319630680579507e+02	-2.861329931229463774e+00	2.553973055005778292e+02	2.304129041296777416e+02	4.359142615068697779e+01	-9.211112391328667570e+01
6.194460266524541225e+01	2.576635321013579301e+02	-2.307355406523700765e+02	-4.120757462688959549e+02	-8.428847263961853287e+01	-5.687405463107675274e+01	-3.883657687501273585e+02	2.249610216592611209e+02	-6.847940685781265024e+00	-2.958521476522291778e+02	1.133504904827309048e+02	-2.513114351708664742e+02
1.533131637373343779e+02	-1.511976943011823664e+02	1.714852914140072642e+02	8.466684783955149385e+01	-1.667842488661320601e+02	-1.971241687993314429e+02	2.524462314874153037e+02	-4.531322367952025587e+01	-2.280111146161472959e+02	-2.071933811489514312e+02	-7.155091227772703455e+00	4.106934960955012315e+01
-7.179314339017307134e+01	-2.142591447760873962e+02	2.120091950080955883e+02	3.831729137589009611e+02	3.251604454633836383e+01	2.580807018211428883e+01	3.266736468363651511e+02	-1.853114311486136785e+02	1.051743294618195534e+02	3.791630322590150399e+02	-1.813042624251984023e+02	1.871166309744877481e+02
6.104294396904703035e+01	-4.167666554498975273e+01	5.642584019665063977e+01	8.701609188153456387e+01	6.172817451164847569e+01	-1.183156057861080939e+02	1.322517548250131654e+02	2.132704049938386675e+02	-2.704435193023552984e+02	-1.929689047292135342e+02	-4.512769681656657639e+01	1.211270474637223487e+02
1.405402190284095525e+02	2.102127652071182808e+02	-2.248493362014749835e+02	-3.991174537931239001e+02	-2.143375126449895731e+02	-4.795317519384457228e+01	-2.217586411470915664e+02	9.766577450107230618e+01	-8.973817947960331765e+01	-3.840611248248105198e+02	1.898857096442141028e+02	-2.792950742918174001e+02
1.221778115456116751e+02	-4.898725291793489873e+02	2.831496425953004632e+02	3.152492507011374983e+02	-2.411316996519908571e+02	-2.013797631681734046e+01	4.890479337232468424e+02	-3.560355446524495733e+02	-1.127622097845211044e+02	8.748813427453085012e+01	-1.533190331563226607e+02	1.235963112358415117e+02
1.809423943954593312e+02	-8.877298970077434603e+01	5.341653157457435697e+01	-6.071815764563515927e+01	-1.485426269114003901e+02	-9.277918794493757559e+01	2.156740920879849170e+02	-2.363324085429185928e+01	-2.322443322956428915e+02	-2.723127309987219746e+02	-1.018211626613268805e+02	2.737425479126009975e+01
-5.975968286760828363e+01	-8.727410801518909977e+01	-1.080992718732954661e+00	2.047702136678622935e+02	1.752265693354781888e+02	1.052433272005305120e+01	2.417857787888597159e+02	3.159304990503721200e+01	3.366042087210100675e+01	1.893656553675622263e+02	-2.821291756917095483e+01	1.664678339012807555e+02
-2.739234687729149300e+02	4.826337891733555807e+02	-1.611916268328667172e+02	-2.357024914322945790e+02	2.184479546000620758e+02	-6.447115335584987861e+01	-2.642245956293062363e+02	2.663617335200299294e+02	-6.780400001772721907e+01	-2.993199293047405831e+02	-3.841391335537879570e+01	-1.092173979346184467e+02
-1.350353504872080457e+01	8.491800307851731588e+01	-1.724972866893520802e+02	-2.875299763617761641e+02	-9.258161920749068940e+01	-3.000515314512793097e+01	-2.262735050543315936e+02	6.112043247420930925e+01	2.720724075049485435e+01	-7.341964266991855936e+01	1.015400043117395512e+02	-1.296805674833497335e+02
1.034364960125686679e+02	-2.252959486284549939e+02	2.728766107298745283e+02	1.523809326337884329e+02	-1.444880334919232325e+02	-1.818335639821197844e+02	2.848713325423182141e+02	-1.288747899651984881e+02	-2.104710432395547741e+02	-1.476832104997281760e+02	3.896551555761960373e+01	1.019730378964624862e+01
9.133044090146353255e+01	5.248161782944375631e+01	-1.025833946771073357e+02	-1.796164689759249029e+02	-1.018257815947075642e+02	6.705330801584868539e+01	-1.892629251904538989e+02	-8.420842199770790160e+01	1.117923311245467062e+02	-3.259825158518609101e+01	1.551255109383974400e+02	-2.138985881406703697e+02
-2.428949136569481837e+01	-4.752206400365368211e+01	3.593336642121129643e+01	2.051147394917587974e+02	1.194568827937643931e+02	-1.229930692544137685e+02	1.694032095178745294e+02	-6.530529930999456667e+01	-1.826671855378367582e+02	-4.632377310505481738e+00	-1.257687803445478352e+02	1.267276232248153605e+02
-1.202833147580080890e+02	-1.061926343850434904e+02	1.867179170514019972e+02	5.099332290599248267e+02	3.470186534771467564e+02	-3.790960358211235892e+00	4.800178104830475263e+02	5.755810347599315691e+01	-2.464219053105745161e+02	2.382995875145452658e+02	-3.159341303888177777e+02	3.443249454395646012e+02
3.520432472358681508e+01	-4.219307576181122954e+02	1.760214982325185531e+02	3.131136972629258253e+02	-1.279717282371052356e+01	4.048278607521206141e+01	3.096590352599443463e+02	-2.636432838550151700e+02	6.028466265280501801e+01	3.144298762550491801e+02	1.020075073007659938e+01	2.152383461975347529e+02
-2.503120355511344144e+02	4.319630534755170856e+02	-1.437752873660630542e+02	1.210624935484027986e+02	4.849319996295740225e+02	4.903862769741062522e+01	-2.146141690431388724e+02	2.091296410702439346e+02	9.923714947104203077e+01	-6.049657864460809265e+01	-1.532297115349586534e+02	4.660854023463222262e+01
2.282862434512850314e+02	-4.589318129848113585e+02	1.473282323752654008e+02	3.444920910730544250e+01	-3.921105035800166547e+02	-5.947305219959610589e+00	1.110466142005821553e+02	-3.948404857642910883e+02	-3.441798603506831711e+01	9.378045463215833877e+01	2.436903561871866088e+02	-1.535065991797170284e+02
1.336576816224995810e+02	-6.552510621316799870e+02	3.559830629531026602e+02	4.670628090697940706e+02	-2.166885778208169313e+02	-6.511260151960178177e+01	5.837716071386629437e+02	-3.599730179532746206e+02	-5.584536016376279832e+01	2.526021205382980099e+02	-3.075194575438572286e+01	2.149736196270694961e+02
-1.026239159461359804e+02	-2.362010728083380116e+02	3.243405814691566889e+02	6.558291278188969500e+02	3.557841315158530051e+02	7.318192880936162226e+01	5.001773420204129366e+02	-2.712458731915018717e+01	-6.088403742171259125e+01	3.348973114298705127e+02	-3.794977881933212416e+02	2.579881375046614949e+02
-1.589363676709166953e+02	-1.336860680030537729e+01	9.497034010480093968e+01	4.714115926312644547e+02	4.250246796899937181e+02	8.899029378813990832e+01	2.069260657928164733e+02	2.835169513285611487e+01	8.820796179194236686e+01	3.083792047804823255e+02	-1.825783348148799519e+02	2.203836438407928711e+02
5.701242549455997732e+01	1.501763279930561339e+02	-1.021550051792489313e+02	6.279679432773640713e+01	1.676972923358991352e+02	-1.336999554997486825e+02	5.458457743492813563e+01	1.707290700390524876e+02	-2.973665471053477063e+02	-2.682391934430298193e+02	-9.578346555695721065e+01	1.508473109169947008e+02
-1.355357593632765543e+02	-2.739984693931764355e+02	2.498528809658182297e+02	3.870718586590262476e+02	1.240455914563307971e+02	7.652664105329195365e+01	3.157943060762763139e+02	-9.776123099874919831e+01	6.498720375537402560e+01	3.156347706136892270e+02	-1.468977276705358861e+02	2.813276558157850218e+02
1.208979502504419656e+02	1.813705688257338693e+02	-2.292210466165882465e+01	6.351294146606280222e+00	-2.064694170244769467e+01	-1.663352224959572254e+02	3.774948702422366864e+01	7.609909964953097017e+01	-2.654968081165589524e+02	-4.063738197655391104e+02	-1.164292264325654713e+02	-2.452006027262408949e+01
-3.119214186834758493e+02	3.551352068252462573e+02	-1.022260975517241803e+02	-1.686942523850985864e+01	4.911195976314461404e+02	1.024675755980315159e+02	-1.492300386820630251e+02	3.918047900901000844e+02	5.171620356468657320e+01	-2.435964985583589382e+01	-9.807299769053395266e+01	6.673541219864522134e+01
4.343267409899228682e+01	-4.712494568149604390e+01	4.194881751454804686e+01	6.191231458298337742e+01	-2.141687805019614927e+02	-1.665948987527561371e+02	1.760920461991115928e+02	-8.972024206902362664e+01	-2.745705030270650582e+02	-2.694154839240475781e+02	-6.251864898408936888e+00	-1.875791642699586248e+01
1.912645010554079761e+02	-3.780308450400381730e+02	2.275527610677551991e+02	-8.314248648170557487e+01	-5.289116460858942901e+02	-1.504507386455273199e+01	1.185989050041833366e+02	-2.816483501145504533e+02	9.288432394083837584e-01	6.415866539179100414e+01	1.980506151315811962e+02	-2.833822579871093694e+01
-6.099936969498279637e+01	-1.581268349586540012e+02	-1.648817599504684983e+00	2.653875492951698902e+02	6.909950690340174617e+01	2.084395895548503574e+01	2.207266063195762911e+02	3.942892165238075108e+01	-1.270918909296515409e+02	-6.259583590482760940e+01	-8.813915602357899104e+01	1.496620816549189215e+02
-2.943211981626421903e+02	3.650750331018859356e+02	-1.167573341880325621e+01	4.564242241484876104e+02	8.431004743194812363e+02	1.106801636499832853e+02	2.090842032173564462e+02	2.889005848732141430e+02	-9.185223778725165289e+01	1.224561320317157964e+02	-4.141208924397138844e+02	2.610577140682565300e+02
1.270788042121214687e+02	3.411372804645237125e+02	-1.109321570556046765e+02	-3.823206886949799355e+02	-1.954303131101770532e+02	-2.041460553823289281e+00	-2.874336552113578023e+02	1.130221164371801166e+02	-2.764225266323549590e+01	-3.997153662748664829e+02	1.035044721048491567e+02	-2.915297036148909910e+02
-8.950525044855911005e+01	2.466691799042017976e+02	-1.054926886386242479e+01	1.743723793311237955e+02	2.967311926603288157e+02	-6.031219093806348752e+01	8.696379315334642968e+01	2.016861326335967419e+02	-2.100942032810792170e+02	-1.321474393800547773e+02	-2.303832635645029825e+02	1.554836867985868878e+02
1.919044911088409719e+02	-3.905588124099239167e+02	1.354169444376652791e+02	-3.074543947739858041e+01	-4.717032067648863745e+02	-1.153044745590535598e+02	1.456286782336075305e+02	-3.424632908693841955e+02	1.702715694461944906e+01	9.729095787760880398e+01	2.258866186399834817e+02	-1.448160712956695839e+01
-2.864985830838801348e+02	3.947700736789583402e+02	-2.801487386981753502e+02	-9.832182496236171687e+01	3.423882083475652394e+02	8.029196360865785920e+00	-2.627212427938325163e+02	3.154369718412611405e+02	6.029952283131924773e+00	-1.525117456786835817e+02	-6.032395758529048635e+01	5.981724252725831859e-01
-6.022498553978937252e+01	-6.144767067992336251e+01	1.543441870799856588e+02	2.588033397136022700e+02	5.934600717661881220e+01	3.528734505249518350e+01	1.787500372213304161e+02	6.259915081956864213e+01	6.378762327456607295e+01	2.299761101238015613e+02	-6.554437427187067122e+00	7.149969505353151789e+00
1.662393066095498000e+02	2.597618110806749314e+02	-3.160953700513501303e+02	-6.190505456945310243e+02	-4.197474710104527276e+02	-1.644218706236959804e+02	-4.285929492870302511e+02	1.269430362511102430e+02	-6.548158131080289479e+01	-5.586567739955877414e+02	3.011398635903181003e+02	-3.148084922484978279e+02
-2.096098642625014747e+02	2.579327058448636194e+02	-1.659590626851847617e+01	2.688921737074771272e+02	5.737024503673194431e+02	-5.914990308420817300e+00	1.745361379390455738e+02	2.030331763881907818e+02	-1.861715671383194319e+02	-1.600094000356862978e+01	-3.216823590561661490e+02	1.830684163908346704e+02
-1.629136501085919235e+02	4.510108185425839338e+02	-1.679088657309875146e+02	-2.046616241850322240e+02	3.518207162231918232e+02	-6.449745994371126834e+00	-2.912046139303142809e+02	2.511680843283937463e+02	-4.906260496179481123e+01	-2.866389011712876709e+02	-9.490620012385751636e+01	2.138641777641118580e+01
5.294592213241828915e+01	2.167579520519971084e+02	-2.268060253238363373e+02	-6.305337123253239042e+02	-2.918326854672331478e+02	-8.503558044308414310e+01	-5.049511959550960114e+02	2.879155754562465575e+01	2.352715671330377063e+02	-2.511842758045554547e+02	2.638233314565713954e+02	-3.240136565338526111e+02
-1.827173231352000755e+02	-2.052340296332941136e+02	1.820865580556145744e+02	5.926735447809323887e+02	4.634687201616104630e+02	1.955473499747183155e+02	4.251889142990023629e+02	-8.050684160107641674e+01	7.830132687170961958e+01	5.665925730189034084e+02	-2.685014230659078862e+02	3.199028185627404355e+02
-8.695371821183513816e+01	-1.092193056797428028e+02	2.719794096589446397e+01	2.615597454396984745e+02	1.822428242489926333e+02	7.741217023588788493e+00	1.605900740859545976e+02	2.354688341736571644e+01	2.727179315501808787e+01	1.167687137004234899e+02	-9.401407688027640575e+01	1.322578928346828206e+02
-8.755465225680973163e+01	3.787198816733273361e+02	-2.485987451956783332e+02	-2.513636451530939837e+02	2.330990530223692758e+02	-2.358670761073788213e+01	-2.995841756232159128e+02	2.478689468072087720e+02	-1.067906288875275678e+01	-3.355443157603389750e+02	-3.235274397387767209e+01	-1.304165337415303725e+02
1.049391707102981286e+02	-1.191746944076033259e+02	3.274784162197857285e+01	3.757377043830028640e+01	-2.272949861043384203e+02	-1.279114849632070161e+02	2.474530371112367675e+02	-3.927198726078378854e+01	-2.503277175918593116e+02	-2.340065648340984126e+02	-6.558342384328668118e+01	7.801858140525025576e+00
4.844059133962844754e+01	3.785280129117227688e+01	-1.140332180958163661e+02	-2.829025344201664893e+02	-1.206609869355714721e+02	-4.730776847924009587e+01	-1.136034961103623431e+02	1.625915093848570336e+01	3.551576071165582249e+01	-1.642947822899753305e+02	4.815816888817324326e+01	-1.497526090297573944e+02
7.922855568733214682e+01	3.025096078717354544e+02	-2.271116380090358859e+02	-4.181503158651819945e+02	-1.326455308399010846e+02	-3.022618926231614012e+01	-3.458339684886924488e+02	1.286309701279041633e+02	-4.820783196575807494e+01	-3.539700649886115684e+02	1.251271818509978004e+02	-2.696398955221126812e+02
2.241960132949129445e+02	7.241674915321162587e+01	-1.055402208563741056e+02	-3.641512641932376368e+02	-3.951803216250347077e+02	-7.408786118221129868e+01	-3.024895697843095377e+02	-1.661625491873682847e+02	-1.612459838633143017e+00	-3.736078791041470595e+02	1.417368365085621065e+02	-1.940554532051268382e+02
9.007973340143661289e+01	-1.343372828523659734e+02	1.882963606997788872e+02	1.005631693009938203e+02	-1.563699115044920802e+02	-8.474850803771046515e+01	2.479872576965052247e+02	-1.433186374972106023e+02	-1.990038593501809316e+02	-2.218817582763041685e+02	-8.135116085668391861e+01	-5.118583862931511685e-01
1.479273650075000717e+02	-4.748439895523270593e+02	3.250201563362359707e+02	2.795875320573110798e+02	-2.196622704146855085e+02	-9.147288472285428895e+01	4.652254536504643738e+02	-3.114899786036980345e+02	-1.855062135277889865e+02	1.933666593637742608e+02	-6.721038641560456028e+01	1.365585479724535674e+02
9.004031550224112834e+01	-3.838631406367815089e+02	2.182931677041006537e+02	2.937024378747480000e+02	-6.187945952542977324e+01	7.752965879909423563e+01	4.246657512348590444e+02	-2.802688769176648975e+02	9.104735806047737867e+01	3.245275866766387480e+02	-7.826574861584178677e+01	8.793141325637721195e+01
-2.233195074631607042e+02	5.054077524064122144e+02	-1.035416689665292580e+02	-4.392380186344379922e+01	4.926743559748356347e+02	3.512281881705179387e+01	-1.906399826999224842e+02	2.740815871028291895e+02	8.682181557473472822e+01	-1.405450390036870445e+01	-1.200974627846861438e+02	2.924735771338344392e+01
-2.271401245195650631e+02	1.549856410505985593e+02	-4.551066448355765459e+01	1.983592958349682931e+02	4.719425150281502397e+02	-7.577032402103850472e+01	1.478596743127576190e+02	1.782355913278959463e+02	-1.933924891154067893e+02	-1.111191064177204453e+02	-2.331748137911960725e+02	1.834306626034987460e+02
-2.156916119042158186e+02	-6.964310821913753102e+01	1.979814855142377041e+02	4.290715392371968733e+02	3.855533642727020833e+02	6.218487080784632326e+01	1.666810724151223155e+02	1.164779211466842099e+02	4.989919384508401379e+01	3.253648744561057811e+02	-2.773002583778537087e+02	2.038073866062022717e+02
-9.573940632597654599e+01	4.124956502575193440e+02	-1.984470433002549896e+02	-1.563601952036693206e+02	2.565209191283387895e+02	-3.688554472741290624e+01	-3.121758472984669197e+02	3.623605835274997276e+02	-5.066976969867431535e+01	-3.668451018623870823e+02	6.744962173989353005e+01	-1.158721092575138698e+02
2.043967258931466517e+02	-3.726388284099967905e+02	1.217546675142596371e+02	7.030472517338718319e+01	-4.211591609261580516e+02	-2.801262870028497076e+01	2.510100867490640724e+02	-3.657927893613313586e+02	6.407297126285433819e+01	1.762139419620145588e+02	1.637706180869464276e+02	9.121809392057787846e+00
8.733360520866351351e+01	5.294371430359395703e+01	-3.642273142933805730e+01	-1.481050620190270024e+02	-1.424932384051710699e+02	-1.648672760733978180e+02	-2.800307055284073599e+01	1.140468639631608880e+02	-8.429461063142126420e+01	-2.969403941386487418e+02	-8.369187355235827397e+01	-1.931397113022652690e+01
-1.074528808090626057e+02	2.072885786764879583e+02	-3.325308891061749250e+01	9.342660210572718427e+01	2.758782156161014427e+02	-3.223598945970645246e+01	1.188937945026083582e+02	1.371221371437451353e+02	-2.426478713869942396e+02	-1.819665209335223324e+02	-1.812813482973235182e+02	5.779828538224847989e+01
-4.912301033645100290e+01	4.824388296251394195e+02	-1.938762903945620906e+02	-1.790862176112565578e+02	1.847410143675365930e+02	-8.513366397553512854e+01	-3.721113959806982052e+02	3.053285903310614913e+02	4.315683013853104377e+00	-3.033798051696549578e+02	-4.708132846035307750e+01	-1.769649718234886677e+02
-9.469065381515817137e+01	4.173991139131190948e+02	-2.244453631946315113e+02	-2.781115179821906054e+02	2.270777660599925980e+02	-8.087763768402025732e+01	-3.118728283992364823e+02	3.413702059599413019e+02	1.431435032528446838e+00	-2.987534615559897588e+02	-8.053476249464435455e+01	-3.299498070388786886e+01
-9.164648817014490589e+01	-1.499723624340753076e+02	1.917915480809904238e+02	4.050578182328992511e+02	3.627115346825323172e+02	1.227335313980221372e+02	2.650461578905956799e+02	5.775177185345151010e+00	-4.166393413938943979e+01	3.002974942025765017e+02	-2.471791795397254248e+02	3.098197443606753154e+02
-1.766011072275060201e+02	-2.933027748002406270e+02	1.692242183447093566e+02	3.976721640054828981e+02	3.273140567423223501e+02	2.704559091567649602e+02	3.414196244518818162e+02	-8.352943916271847513e+01	2.764833821906816524e+02	5.756308265301917118e+02	-8.989727761306343723e+01	2.366156836110143331e+02
9.436434748410741236e+01	-6.980884600744340105e+02	4.422750831060937458e+02	4.960593978439841862e+02	-3.258793022589039197e+02	3.068918600027849308e+01	6.448690840886017668e+02	-3.575193331017152332e+02	-9.823171362168712051e+01	3.831691815215715451e+02	-1.860533119108280289e+02	1.768757236635991035e+02
-1.545065519389873145e+02	4.755909079622015838e+02	-2.694225049092391373e+02	-2.905450535112270245e+02	1.411795178108814071e+02	6.430488473585467091e+01	-2.682840358950980431e+02	1.845679886025178860e+02	-1.993128478763306433e+01	-2.924791411595731461e+02	-1.090439991072414294e+01	-1.276717813851202550e+02
-7.269635408176826274e+01	-1.611195462417790623e+02	3.934232590853618206e+01	2.306250428841686073e+01	1.001346530145221863e+02	1.508775211438440635e+02	3.210184092017186686e+01	-5.839525209330641076e+01	2.326872338772571425e+02	1.969133243315270079e+02	8.634678643806159926e+01	2.025080182190499301e+01
5.614386768455261745e+01	9.308954123527237812e+01	-1.506571269241621849e+02	-3.043016722833118024e+02	-2.678450631151076209e+02	-3.599278685390572718e+01	-3.863916886843958309e+02	2.164027572724350090e+00	2.108132881399136238e+02	-9.397510965979645903e+01	1.496510375683967879e+02	-7.851473546689013006e+01
1.337150466494461796e+02	-1.958022542171121572e+01	-4.888321481623332687e+01	-1.000199262471361550e+02	-1.078899394578120621e+02	-1.239502951074522912e+02	7.987604493557077490e+01	1.167988004288067145e+02	-1.527287346242203512e+02	-2.918039082067560344e+02	-7.004530783082162770e+01	-6.546906308138463082e+00
-1.659797419767613178e+02	-1.482693811670760908e+02	2.259894884824471433e+02	4.536893462152494294e+02	2.801991101475572918e+02	-5.430308396679759397e+01	3.212821458906951193e+02	-8.830660844864412695e+01	-3.851490507764258808e+01	3.602534167356199646e+02	-1.864591189130355247e+02	1.684372460208921609e+02
2.517193215354111544e+02	-3.995843718641388591e+02	2.132172204643735256e+02	2.755620496928064966e+01	-3.732936231767899926e+02	3.345793607056430119e+01	2.838200997147240514e+02	-3.270850797902039062e+02	7.185634869631844168e+00	1.740692466323639280e+02	8.922668818537579227e+01	7.282644062285186237e+01
4.725173242472769886e+01	-3.889434756654796388e+01	6.038953201463804987e+00	2.327240697034486629e+02	2.269234006866892912e+02	1.221960981412806575e+02	6.150389932119666980e+01	-3.904902018040252898e+01	1.177583703888202251e+02	2.273254483904158860e+02	-2.765320602293608943e+01	1.163238361167820329e+02
-2.996276541659197434e+01	-3.221208208495695402e+01	1.673820874036406394e+02	2.869145226898530154e+02	1.569361632162369915e+02	2.988179136917380418e+01	2.447962573977834495e+02	1.892455840285597191e+01	-1.285335035207812098e+02	7.364627398837997418e+01	-2.526391243640330231e+02	1.067214346643035014e+02
-4.847342908036521436e+01	-4.687126043255636176e+01	3.484840170811239091e+01	1.600097298069096610e+02	1.428246787487446454e+02	1.635111617685775229e+02	2.016182020289544141e+01	-4.548884146282230745e+01	1.732763229962765195e+02	2.131425725402813498e+02	-5.951965318099146174e+01	3.317828648657821589e+01
8.605431580804095404e+01	2.145286843242566874e+02	-1.991512744004451747e+02	-6.817428621662854766e+02	-3.482162040262774099e+02	-1.253255145079705635e+01	-4.561248512810132638e+02	-1.823548808079441486e+01	8.614357201084861515e+01	-3.107063556633632402e+02	2.969986579126212973e+02	-3.591410594085226649e+02
2.320103350353621465e+02	-3.737993421534063714e+02	2.108972478046640049e+02	3.223675236449620911e+02	-1.758828039391720210e+02	-1.329150639429811633e+02	3.624761226901964619e+02	-2.455481892591840847e+02	-1.455343472589472640e+02	4.929414845801282041e+01	-1.230677177559165187e+02	5.928063176500175047e+01
-3.166579712930300161e+02	3.766189943553081321e+02	-1.174614606448425747e+02	9.799544141217410242e+01	5.071191530528836893e+02	-6.879209773422301666e+00	-2.620542038637337257e+01	3.007729185125410822e+02	2.920088690306535284e+01	3.400000508365354790e+01	-1.925815734534905630e+02	5.408563987618071423e+01
1.711513376134967643e+02	-5.366747234221357985e+02	4.392971022479162571e+02	4.224825212246984734e+02	-2.952196459718018673e+02	1.306469523913144748e+01	4.928148149207289634e+02	-2.656966227862563414e+02	-1.541838248131837759e+02	2.339894694237504211e+02	-8.338184158206632901e+01	2.362149551396273921e+02
-2.384663770708838797e+02	1.913605058228768314e+02	-3.485105734795946120e+01	3.176852862384247373e+02	5.923895513708703220e+02	8.163035980325078356e+01	1.236257715669837438e+02	1.258199360206604496e+02	4.505054181349428433e+01	2.172551196424671502e+02	-2.170670938628579449e+02	1.195249663696221774e+02
-1.882165604816211442e+02	-3.571922574768736780e+01	1.117788207202549842e+02	3.912696267019088054e+02	3.657256962894221601e+02	2.458945493740406363e+01	3.336403579359952118e+02	-2.640690334075457812e+01	1.294693337835564932e+02	2.944857230441257343e+02	-2.584598259341834705e+02	2.092278098880796620e+02
-2.988684254500832367e+02	-2.700676096987327242e+02	1.618566224736535446e+02	5.106000012934950405e+02	4.812947766507431879e+02	2.771853372012794807e+02	3.964308362070790395e+02	-1.146520800680805934e+02	1.468140871658776518e+02	5.287749329492435209e+02	-1.475152414949147612e+02	3.219452699544723373e+02
3.533350919680399898e+02	-2.193431270063150862e+02	1.423566386506086587e+02	-1.287860109937804793e+02	-5.132813056095623097e+02	-7.969815991367251229e+01	5.499758473904405776e+01	-3.087862249887317603e+02	2.425636090669327949e+00	-1.549713394082234004e+02	1.618611594890963659e+02	-1.553438404444932246e+02
2.032120362648905996e+02	-6.082488782503329503e+02	3.724653535298953670e+02	4.988028438182953437e+02	-2.181641335446893777e+02	-9.029954997627436342e+01	6.906644303386980255e+02	-3.753575758171467101e+02	-9.564138085274012724e+01	4.002074941212528074e+02	9.640669251881905666e+01	2.245539010749048714e+02
1.428949782179445265e+02	2.908147951276130883e+01	-1.025413844618149142e+02	-3.719303616463278672e+02	-3.645829847010013509e+02	-2.102195608050538169e+02	-2.890831807551761585e+02	-5.370971618050813134e+01	-1.651109699083649218e+01	-3.430410699278369862e+02	2.712666054783749132e+02	-1.651166665023133078e+02
9.678178229882833250e+01	8.875254980297391683e+01	-1.220162714181499020e+01	-8.648234166634554754e+01	1.461764542504571409e+02	-1.736172740466936659e+02	9.735533087932286378e+01	1.434449280287362285e+02	-2.881565367740637384e+02	-3.894889621429273916e+02	-5.475728523638019141e+01	-3.640190267159498205e+01
1.193338790179980009e+02	3.510187274315414925e+02	-1.851583647858097379e+02	-3.342734988405917420e+02	-5.866504629121998704e+01	-1.023452107835251894e+02	-4.092804039947902197e+02	1.754312520156838104e+02	-9.822091903700393145e-02	-3.321926136804760858e+02	2.065025292172291245e+02	-2.088642404399728605e+02
7.932858303163297364e+01	-9.898921342700271353e+00	-4.686680661395015335e+01	-2.570292469878723409e+02	-1.234826400740177519e+02	-2.619219349057152701e+00	-1.752222452307319998e+02	-8.184834901823541031e+01	4.765435164698824622e+01	-1.224787737134167145e+02	2.045291441937136767e+02	-1.098771878039823804e+02
-1.844049168091200230e-01	2.133017243516205497e+02	-5.473311723290825626e+01	7.287268291810121035e+00	1.489370840804855618e+02	-7.139300252334858499e+01	1.693431680907836494e+02	1.681558872420453383e+02	-2.138460322571932295e+02	-2.425077692685197235e+02	-2.139984263485773113e+02	-2.474421900435099353e+00
-2.251024886113654020e+02	-2.471143557733812486e+02	2.483388710691435790e+02	4.580340913850606626e+02	2.544967949931775308e+02	1.616817350480224604e+02	1.772367332314944974e+02	-1.035390847797429359e+02	2.196701724784382179e+02	6.478358661473293978e+02	-1.558708946676908340e+02	2.040815834007649130e+02
-2.013044542438826667e+01	-4.216998303780813018e+01	1.642676882007751544e+02	4.153118710359676697e+02	1.947924766994255208e+02	-4.424403446868124590e+00	5.092560378569222621e+02	-5.510377277206666591e+00	-1.722507921366050141e+02	9.273006342822706927e+01	-2.031148157165438874e+02	3.215265018474268572e+02
-9.897301050007638423e+01	-1.287322992388282046e+02	1.863556482738396483e+02	4.570153695839242687e+02	2.053731238930284633e+02	1.677281760379596420e+01	3.376977535284586338e+02	-9.117435590976005244e+01	1.262118961771521164e+01	3.440147368333316535e+02	-1.212666288525197871e+02	2.794845258962869821e+02
2.109013657732914737e+01	5.346565940523328919e+01	4.189774260876582446e+01	8.710504991638728711e+00	-1.956464148644197110e+01	-3.137391946252706121e-01	1.635670604508731287e+02	4.494885098952569713e+00	-2.917254808557194679e+02	-1.773804924795283000e+02	-9.972881941976289966e+01	2.004129268837631273e+01
-7.868824076372231957e+01	-3.132533166109755030e+01	6.314503165771565563e+01	2.948929664774931325e+02	6.374607497503183140e+01	4.460463662935574547e+01	1.068619087710888635e+02	-1.612466845522729386e+02	1.934328681951867566e+02	3.373073459978682536e+02	-9.976570284668900968e+01	8.695340643169178918e+01
-3.977023197588283665e+02	2.960489173191709256e+02	-4.512155848350715814e+01	4.971432991099292735e+02	8.642699570580283535e+02	2.207595796045301739e+01	2.050283787545573944e+02	3.972815446771205075e+02	2.548203463728042450e+01	1.780774047275848488e+02	-4.869069704592010339e+02	4.067591422850176173e+02
1.514339598179610107e+02	1.004672906832383177e+02	-1.293781780239308148e+02	-5.013455452494577003e+02	-2.148168961686893965e+02	9.420607173131928747e+00	-5.364071701597008541e+02	3.143924058738888405e+01	1.928244801130358042e+02	-1.546292653277467934e+02	2.735525595377051218e+02	-2.027419753022138877e+02
1.794378848413468575e+02	-4.054177330605382394e+02	3.039448665835630550e+02	3.148488158771770600e+02	-1.802382412381992651e+02	-8.731016757416742280e+01	3.151848324099019578e+02	-3.429480183346900048e+02	-1.977749455011738462e+02	2.939702070379427923e+01	-7.607536235969438110e+01	1.751641502579498706e+02
-7.815634432799781450e+01	-2.509922192782159982e+02	1.693293624407262996e+02	4.475864581210477695e+02	2.030713285715328311e+02	6.994082755924750039e+00	3.467798061579181308e+02	-6.247751563578827927e+01	5.145829950990111001e+01	3.625931582391899042e+02	-2.442269538980573600e+02	1.812995570631436806e+02
-1.136743854200843629e+02	-1.173347026375740398e+02	7.212621340102528222e+01	2.184897260361624660e+02	2.291780385194886378e+02	1.358975194430586839e+02	3.967993438596852940e+01	-8.423746709528991516e+01	1.374343955705200244e+02	4.715643840440556573e+02	-9.605182109929084788e+01	9.633219338237903173e+01
2.672979273627352015e+01	2.005429567348391515e+02	-4.489296913884354723e+01	1.518546528579756227e+01	1.891324068345001308e+02	-1.037449523883065297e+02	1.579610556136541675e+02	1.967075247618762717e+02	-1.151618061580802248e+02	-2.904697597566765808e+02	-2.888891491704060286e+02	5.613557439309206032e+00
-3.273797662950780563e+01	-1.715183417148776073e+02	-3.406969385338140910e+01	2.198658901541504633e+02	9.847588162913453402e+01	1.813112280945276567e+01	1.425320989226487427e+02	-1.135146349118097575e+01	6.659662778530639571e+01	2.328072857339273298e+02	-9.524094880029696242e+01	1.462373919477000754e+02
-1.336593474130197308e+02	-2.325301890222393126e+02	2.237459453505111355e+02	3.911726673041035838e+02	2.431538445305679375e+02	4.717407851064857738e+01	3.740334841925402429e+02	-8.113066513215093778e+01	7.296573387414923673e+01	2.287188590812175448e+02	-1.541552692347531490e+02	3.019156820619594441e+02
2.387129270127714449e+02	2.413410332507295948e+02	-1.776748815887897877e+02	-3.211202799740227078e+02	-2.811684510487423267e+02	-1.600856146922518803e+02	-7.314260092178032835e+01	1.158757372600983473e+02	-2.452661881486678510e+02	-5.394133126385989954e+02	1.283356519892171548e+02	-2.188233449707396971e+02
1.948715659185033076e+02	-3.459809924322449888e+02	2.857039397154886728e+02	3.624097501305853175e+00	-4.815653364634428613e+02	-5.204546845128510313e+01	1.648491053854286292e+02	-3.251789500221144635e+02	7.617237391725079476e+01	1.517655635539170476e+02	1.806437887737224628e+02	7.433165528229366714e+00
-2.483316115558436650e+02	3.851435821525293477e+02	-1.879794164290877916e+02	-8.390070553734157954e+01	4.304902229442409975e+02	6.892124622807926926e+01	-2.500283259414692054e+02	3.633284724740753404e+02	5.764779217639905085e+01	-1.433333463575458495e+02	-1.059300866642634134e+02	-1.003715848235273569e+02
1.838766914145923579e+02	-4.057319954701225129e+02	2.647387466204028783e+02	2.364154974183063871e+02	-2.429213195067785307e+02	1.733386413341356302e+01	2.970994288096064224e+02	-3.887936082369921564e+02	-2.322516172429411796e+01	1.374350619807859744e+02	2.449657008284705739e+01	-5.077409726734036788e+00
1.506161286147777219e+02	1.127547116368883025e+02	-1.177000376396748038e+02	-1.651747043804222130e+02	-2.115474975354277198e+00	1.052703469586500518e+02	-2.730961311281726012e+02	2.965644087042131716e+01	1.614939364295366886e+02	1.249720123970102748e+02	7.794689955465157993e+01	-4.417517561768062251e+01
-6.057450399546299025e+01	-4.284090704755979573e+01	8.155114616738167399e+01	1.646161019669756342e+02	1.255955936537606306e+02	-3.230434080353800397e+01	2.457369968126632784e+02	3.044272051927482536e+01	-2.140824926177480165e+02	-7.943988350953252109e+01	-1.265958737007562434e+02	6.134111652675621684e+01
-6.447873947358563385e+01	-2.124229977898897062e+02	-6.988030015469668399e+00	-3.047833887074402170e+01	8.484827662474785370e+01	1.198219064743285003e+02	-1.177228756200649258e+02	-2.823524615604009469e+01	2.635519222279092446e+02	2.137720011414798762e+02	7.581111323001984204e+01	-6.312878232968981251e+01
9.444763030962627681e+01	1.505737310833249865e+02	-6.511484748493616337e+01	-1.769434816902598300e+02	-1.807391808666833981e+02	-1.959682573781593362e+02	1.800395332912713116e+02	1.487727612283463543e+02	-3.031982742098986705e+02	-4.081700948985931632e+02	-5.238874319884706665e+01	-1.758251650875974548e+01
1.598035824063193502e+02	1.639564730155321115e+02	-2.450951953370426395e+02	-5.856096020515575447e+02	-4.562988382620421817e+02	-6.671249813925784622e+01	-4.674816476017803097e+02	5.327600574517071408e+01	1.118757869643793157e+01	-4.595915937027676819e+02	3.350374829037203881e+02	-3.905269796340959374e+02
-4.299163595442289676e+01	-9.789927824937327827e+00	3.899765731783396205e+01	2.449879625762587807e+02	1.710575864893519338e+02	-3.802278036661845562e+01	7.303886193475416633e+01	2.002507597580091669e+01	4.272222278827263153e+01	2.342006287480027424e+02	-7.099489465627162765e+00	1.724638418984289103e+02
-1.815361308771701658e+02	5.289268811803324866e+01	-7.223659977319695713e+01	-1.103552727164076117e+02	-5.649419636168970982e+01	1.460463955677501247e+02	-2.050127676978374609e+02	-2.543875811593509439e+01	2.265825774519658751e+02	5.251140927103860889e+01	5.703139073454544672e+01	-1.246885550238518761e+02
4.363472812579795601e+01	2.558040383446251838e+02	-1.829795654437780854e+02	-3.968652982151195943e+02	-1.549041007631433047e+02	9.294008618895830409e+00	-3.360745894638249069e+02	8.243736398023973777e+01	-5.999599285875653720e+01	-3.740664998030432571e+02	1.320521127734992319e+02	-2.849930330229252604e+02
-2.482579890271979366e+02	9.760427684735130072e+01	-9.360202310602818443e+01	3.789854456319504266e+02	4.813979721334889064e+02	1.254858561205985126e+02	4.345110901377194068e+01	1.735683496881591452e+02	4.520537582682425182e+01	2.320286198282971952e+02	-3.171463855165292784e+02	2.638060191188611725e+02
-1.454330682293830250e+02	-1.035256495290449230e+01	1.817691579895823395e+02	4.475231470984768407e+02	3.671066987269210244e+02	6.917394781283498162e+01	2.816718431182509335e+02	-1.570401434755420489e+01	2.678890809385035876e+00	3.005356262735936070e+02	-1.744105543260440641e+02	3.291713739949357773e+02
1.746008755611809704e+01	9.581376490650001188e+01	-9.929863352819937461e+01	-2.930861762136324842e+02	-5.497395999995172389e+01	-5.345835533983775179e+01	-2.728067249507049041e+02	4.504778564473581071e+01	1.151674303917096296e+02	-1.267671069039489424e+02	1.778917341269608130e+02	-1.190104502023954325e+02
-1.599350667628969234e+02	4.385363170856853685e+02	-2.621307777473070928e+02	-7.525425797364552238e+01	3.958149242009010322e+02	3.519553518548808313e+01	-2.699661493341386631e+02	3.240010369752324664e+02	6.390676761514508808e-01	-1.728875238180686438e+02	-1.529365400380370943e+01	9.993064957905186674e+00
-2.302792372666941958e+02	-2.682149472269578041e+02	2.722640456722911040e+02	6.357130111922772358e+02	4.299429309644918931e+02	1.506945750313134624e+02	4.381646021512228231e+02	7.740539014739962198e+00	1.141685556807983062e+02	5.565176039092634710e+02	-2.612018297670821312e+02	3.105711429627392590e+02
1.751520632500808574e+02	1.223426352073222745e+02	-2.594727057184801993e+02	-5.257744116078689558e+02	-3.822679073166601711e+02	-1.973596611288624274e+02	-3.408368011908665949e+02	1.817200044386246418e+02	-2.709912067976792400e+02	-6.667831743478566295e+02	2.090391226312571575e+02	-2.676004607982307562e+02
-2.241061787938429291e+02	4.458635871395154595e+02	-2.072172274552953297e+02	-6.435845767879344237e+01	4.052632908314866427e+02	9.892362791409237843e+01	-2.368296621091701581e+02	2.671511194329708019e+02	1.510265090548736033e+01	-1.892917663645266941e+02	-8.684287940638354542e+01	-5.777151050152439637e+01
3.850602883336577520e+01	-1.398520202927574907e+01	-1.266419877319386416e+02	-2.280984645255364569e+02	-1.901559163485438830e+02	-5.672946430463573364e+01	-3.338561986615651733e+01	3.802681004033576073e+01	-1.057963190223389773e+02	-2.709242705028203773e+02	1.148433888391317339e+02	-2.006402741120665496e+02
1.852067981169838902e+02	-7.200685487975418653e+01	9.069745595691057360e+01	3.226983959081892550e+01	-1.504720451843322166e+02	-1.753593325876627489e+02	3.074744803998339648e+02	-1.518942561581052644e+02	-2.543539494082480132e+02	-1.813111044399024649e+02	-1.042656896555540769e+01	2.020176421969744140e+01
-3.063996065079864479e+02	8.787579221851137845e+01	-1.441195702359548818e+02	2.722091217074848259e+02	4.577682113460997471e+02	-6.287482925213171825e+01	9.516065951144896928e+01	2.188444481982605794e+02	-1.716008673325158327e+02	-1.476016223533052596e+02	-3.127704133505259847e+02	1.508465645354476123e+02
-1.243443909260742970e+02	4.052249149685288785e+02	-2.261506481595725688e+02	-1.307318029572696787e+02	2.447780953616568524e+02	-1.120490191282252290e+01	-3.019788993876570657e+02	3.307275806719877096e+02	-4.297351813951676291e+01	-3.499606724478541651e+02	-6.650690184765805668e+01	-1.124342806212407027e+02
1.637858070338127447e+02	-2.983291993308186534e+02	1.808080041100674862e+02	1.798101590108078653e+02	-2.363422343336584959e+02	-1.181699528540179926e+02	3.450960150402119098e+02	-1.082587529038882934e+02	-1.743505050582602678e+02	-6.347160450566788370e+01	-1.471113176598046550e+02	2.615464769057292216e+01
-3.533872791719926632e+00	3.063934694519501818e+02	-2.459212801546360367e+02	-4.134043775085253856e+02	1.958091913040557230e+01	3.168285785047009639e+00	-4.484123085399833144e+02	1.963270425319125536e+02	-3.741064172689219447e+01	-2.937805930483137900e+02	4.289364305054166238e+01	-1.474261206080812201e+02
-3.759955565397008286e+02	1.065098777413314934e+02	6.880710797841625492e+01	2.962830988502167884e+02	4.723657989624274478e+02	9.868579382650763421e+01	1.341457628540577502e+02	1.434171831715068492e+02	6.285532087605869833e+01	2.340625947787774237e+02	-1.871563552406075246e+02	2.120326698535278069e+02
1.503676042935085491e+02	-1.972920419079675582e+02	8.384130348034481983e+01	5.933239806249921600e+01	-1.493495233215651865e+02	-1.147265298254453398e+02	2.247133675658197376e+02	-2.010809872770520030e+02	-2.451043567571872757e+02	-2.115698581489411936e+02	-3.731683451622010494e+01	2.286500303049052150e+02
1.406766229730405371e+02	1.189467888879834874e+02	-4.292052782855790127e+01	-1.085375110566639165e+02	-9.875469742669079665e+01	-1.193186955364767812e+02	2.223005520041929728e+01	2.995146964742763096e+00	-1.599560190239315887e+02	-2.663059029432735088e+02	2.462284000425722752e+01	4.260023693021534719e+00
1.514508531725956004e+02	1.589186568572768898e+01	1.633875917863041849e+01	4.404891603737268468e+01	-7.127491222372454160e+01	-1.061246890220930794e+02	1.113097624255129432e+02	2.876409881521142253e+01	-1.504671369874778577e+02	-3.187954127063215992e+02	-1.039670757743192198e+01	2.014049694908394272e+01
1.132285964747317308e+02	1.849641027807677744e+02	-2.973077859676880621e+02	-5.879111766797532255e+02	-2.500772216057868320e+02	1.087483343307338401e+01	-5.041284764496854223e+02	5.660105387471774208e+01	1.332203554852777359e+02	-2.108837018271554484e+02	2.194487128200437382e+02	-3.221039764538593886e+02
-1.366830693586840084e+02	-1.328180959885739583e+02	1.898398795765486682e+02	5.249397912335356295e+02	2.467349995717648596e+02	1.003360479271024417e+02	2.822363137514333857e+02	-1.400408214227646297e+01	6.056805855247642256e+00	2.500573847552505242e+02	-1.893524173536521289e+02	2.699018698005403962e+02
-2.867717984631736883e+01	-1.546387920086193333e+02	1.081533232270534342e+02	2.991478418461398405e+02	9.862819968997173703e+01	5.640955715269069515e+01	5.445361307665646677e+01	-7.291745661490379504e+00	6.330104352577123450e+01	2.489735309074129646e+02	-9.107276373307185224e+01	8.825314973714187161e+00
2.105072266051072631e+02	1.811212595049365461e+02	-1.394175928880706579e+02	-4.756173024155243070e+02	-3.149256047839365920e+02	-2.119250664447234840e+02	-2.211137568445367094e+02	6.690209132664104175e+01	-2.572323660573445636e+02	-6.302956897167431407e+02	1.912469191787719751e+02	-3.860221035248068802e+02
-6.698320562311074866e+01	9.385290839612362390e+01	9.309457401082266870e+01	2.565865902264226293e+02	5.171003436442314083e-01	-1.109932651534815307e+02	2.570336556559390715e+02	9.647275337652013150e+01	-1.407007893778596781e+02	-1.201366657299426350e+02	-6.642605333493207809e+01	1.327152344052993271e+02
-2.403086566327010871e+02	-8.489991259745085017e+01	7.947047007142590758e+01	4.244488443939237641e+02	3.302047421137333458e+02	6.800714201694975714e+01	2.263666782316556976e+02	4.950349155058140127e+01	-2.743225542192163147e+01	3.566034945433814300e+02	-2.192190990479342645e+02	2.748733913293415299e+02
-2.074535520399388986e+02	2.779423087198263147e+02	-7.670053788306991294e+01	2.837794610891452862e+02	5.304665356479758884e+02	3.747718313572846682e+01	1.320647635897874181e+02	2.527563760839110216e+02	-1.512286966476886789e+02	-4.734972210189793174e+01	-3.597512684304051049e+02	3.154152050331294959e+02
2.169985983378086658e+01	-3.676058922522164352e+01	4.528622740715077555e+01	2.557989225159624027e+02	7.507261503710267903e+01	-3.312971276901244977e+01	2.369810688899588627e+02	-4.267966132097177478e+01	-1.309077191529918593e+02	6.020674247553254332e+01	-7.943553827231758646e+01	1.120831116668725116e+02
3.585206707886628408e+01	2.391925344177586794e+02	-1.966027498502479602e+02	-6.690326046970370726e+02	-3.766038961695946341e+02	-1.756047385369101477e+01	-5.342839906355080757e+02	3.503409356547061293e+01	1.375279536597485617e+02	-3.049047754652164599e+02	2.046008698892117366e+02	-2.872885297629995307e+02
8.166751993543192611e+01	1.629109831800759025e+02	-5.721885121976600885e+01	-5.837483754257334567e+01	1.617143159969615596e+01	-1.150263526402549559e+02	1.150778155289413291e+02	1.001861230154355411e+02	-2.877694296000073564e+02	-3.414562281679461648e+02	-1.312315638249165488e+02	-3.449137773901960458e+01
2.397106180171907113e+02	-3.660134393578745176e+02	1.733957759656238409e+02	8.465868471441653753e+01	-4.481391134572454575e+02	1.965450729507531591e+01	2.349145391170254982e+02	-3.828323102686235870e+02	6.596483565226471057e+01	1.702717674440832525e+02	1.947632978950631255e+01	-8.628355937211064486e+01
-2.032185108757524006e+02	-1.729297553265663225e+02	2.710196560775390253e+02	6.179723528717452155e+02	3.431209526592472798e+02	-3.197585950699357138e+00	4.811383779031912127e+02	6.841142479171681146e+01	-1.743630303664694452e+02	2.676587345720559483e+02	-2.717109707611695626e+02	2.972921174143239114e+02
-2.694095785018847664e+02	2.654302154245868905e+02	-8.011516947453660009e+01	1.852939650679379326e+02	5.565392003230616638e+02	6.934705123518443770e+01	-4.658876098184205006e+01	1.916472819557076832e+02	-4.245134418435336698e+01	3.608441708640282286e+01	-2.769942293227363734e+02	1.679704552602585181e+02
-1.660364498966562863e+01	-4.210268677608534631e+02	1.943069278116188627e+02	2.251177042000418851e+02	-1.358612220796411520e+02	-4.919909914256439265e+01	3.738930624332240313e+02	-2.363531207068301967e+02	-8.447767628438057841e+00	3.649927483361914824e+02	1.336092125474518610e+01	1.763846544067551463e+02
-1.438579035118978595e+02	-2.026020332571403344e+02	2.607414021728276907e+02	7.057635334789548551e+02	3.586644394446836372e+02	-6.839480394682017739e+00	4.961223887194757367e+02	-8.816984976468398827e+01	-8.061921185999439388e+01	4.425188416228434676e+02	-3.060805537511842545e+02	2.831230063523244667e+02
-2.084620285867138989e+02	4.013379581674338965e+02	-1.679196075320143962e+02	1.241982511015922341e+02	4.707129143676731360e+02	-7.684243354112586744e+00	-2.257539754544379491e+02	2.830044452587124511e+02	5.885152052959963243e+01	-2.298203191064475703e+01	-1.716444984893290382e+02	5.627365836932863630e+01
1.096538600569241879e+02	1.621485285294849632e+02	5.501042570148610622e+01	-1.132520122327310474e+02	-1.253871503397070057e+02	-2.361035843977302875e+02	-4.580574100614709465e+01	3.854606790514035453e+01	-3.106024663383877282e+02	-5.004223485893965631e+02	-5.473527236172290600e+01	3.285218130057229757e+01
1.881289336070516072e+02	1.578571584305663800e+00	-7.242173546131088813e+01	-4.534172545667036047e+02	-3.831804764182710414e+02	-1.259724104999665002e+02	-1.759555635363652470e+02	-4.481979557348964027e-01	6.542099189350675204e+01	-3.380926240561662439e+02	3.067461578693405500e+02	-1.478843900629342443e+02
1.384495487627647776e+02	2.210823705946242512e+02	-1.705643701923277789e+01	-2.954532684613009224e+02	-1.149737680909582593e+02	-2.166749402646142642e+02	-8.741165742865497634e+01	2.387845698670643202e+01	-1.675195255578130116e+02	-4.258736122102259856e+02	4.472809273553550469e+01	-1.779778182109139095e+02
-2.381000827863191773e+02	2.982047987398270834e+02	-1.006005804252174869e+02	7.374294824159721884e+01	5.452972103370301511e+02	1.184390658352391057e+02	-2.241844326939041707e+02	3.382559373890208008e+02	-1.330442918802515750e+00	1.892105796382976735e+01	-3.731742674276559768e+01	5.340877016478062700e+01
-1.060140106587605970e+02	-1.557284374051205589e+02	1.477977141634407872e+02	4.249717602462574177e+02	3.413557517814946323e+02	4.189525145771651893e+01	3.396736584364935538e+02	-7.800579540180113725e+01	-3.710523165787684974e+01	3.061012354738396652e+02	-2.443395368453365961e+02	2.689769708969953967e+02
-3.093977164803330311e+02	3.503387507680319146e+01	-1.999134967101756644e+01	2.936060910706155482e+02	4.701570244309880309e+02	1.564871036802379649e+02	1.232881647575963768e+02	1.836071316591171865e+02	6.148307947742871704e+01	2.446200903566347620e+02	-2.458994164595095526e+02	2.127895246686519783e+02
-2.854645000153124101e+01	-9.501261951317329135e+01	1.283012788335281584e+01	1.350394370914054498e+01	7.674406879958772265e+01	9.807905727318610900e+01	-5.040209378587700684e+01	-9.553942910460237670e+01	1.613207496037955480e+02	2.924813238151777455e+02	1.457224195137235085e+02	1.555293940226142126e+02
-1.665335248045024059e+02	4.761137050036658991e+01	9.616791851543244718e+01	3.823394968487076540e+02	4.169589243219097057e+02	2.171286354547193866e+02	2.224971441901915625e+02	2.967358819812126214e+01	6.053073821918162167e+01	3.414071461994032575e+02	-2.346643746091207277e+02	1.849771889464019807e+02
-7.811046168853887650e+01	-2.112925696349184648e+02	2.037308346783970592e+02	7.078559253829683939e+02	2.862967084647316938e+02	7.512753501438677972e+01	5.466862492585769360e+02	1.334910964913439813e+01	-5.588828213060460115e+01	4.539929942822920452e+02	-2.778482789306985410e+02	3.226062969971485472e+02
-1.439408008791088207e+02	3.446282722546487065e+01	1.242462652181086042e+02	1.386815856008754508e+02	2.938254017025046139e+01	-8.561800794827300365e+01	2.305857824421759688e+02	4.494900920276783118e+00	-1.800062771237876404e+02	-4.050869450433966534e+01	-2.004126787245258470e+02	4.613247944149395607e+01
2.116598599617992349e+01	-2.055789066715166058e+01	-8.073266618907656778e+01	-2.034934375758992076e+02	-5.904664263065382102e+01	4.481764095777518264e+01	-1.974336722378754985e+02	-5.634144017250051917e+01	1.831288273048726296e+02	-2.995197859471451451e+01	1.070397346247493289e+02	-1.275504401202131106e+02
2.689118531446625866e+02	-3.880755186294811665e+02	1.545751958876087997e+02	-1.976763739640171877e+02	-5.171845767850666107e+02	-1.213191007737231217e+02	-3.529312755913348809e+01	-3.018111285590025545e+02	-1.130268029362841844e+02	-7.210846879627341366e+01	1.201010219390951619e+02	-1.117935100459938980e+02
-1.790233647260158421e+02	-1.742989963816435477e+02	2.511194220130372514e+02	6.916875220740797658e+02	4.180885893495244545e+02	1.634970619997134520e+02	3.971769987530439039e+02	-1.721939183675176253e+02	4.841478884599465005e+01	5.114562719113410481e+02	-2.830470992529313321e+02	3.734602383482255163e+02
1.640288349061768827e+02	-1.450877968396429480e+02	1.333174643167738225e+02	7.449188854880009103e+01	-1.510118056356128307e+02	-1.593801309840164322e+02	2.274508084453960066e+02	-3.490883189697952638e+00	-3.323314301410230769e+02	-2.125773359927330262e+02	2.386972851050348954e+00	-6.869767138193441269e+01
2.349044345726930203e+02	-3.146564676934161184e+02	1.705903892878083070e+02	-7.920965592133865130e+01	-4.906471506290829439e+02	-1.238685607424216641e+02	6.961156518039886976e+01	-2.774516286566504846e+02	-7.197679227053681572e+00	-1.523148049637807162e+02	2.970739377427645991e+02	-8.466951991508094011e+01
-2.375067234422708680e+02	3.194847349906188470e+02	2.586214560802239504e+01	2.531346327175401143e+02	4.548542418337964932e+02	-9.248886756610480120e+01	1.624679439358772299e+02	1.539013213272002645e+02	-1.978611636840627170e+02	-6.750177555138482433e+01	-2.268188945765122071e+02	1.326112625659037860e+02
7.759166659337167005e+01	1.946005972277200442e+02	-2.269181992482593557e+02	-4.079067095054968490e+02	-2.018311542952595801e+02	-2.130370188785778680e+02	-2.652436451204930563e+02	1.346992949383521250e+02	1.136953822730872155e+01	-3.618140189960075759e+02	1.580779936827385654e+02	-2.746511080265045734e+02
9.247710813949349529e+01	1.231343887316271974e+02	-3.965217642600178038e+01	-2.500512291634835265e+02	-1.503372447079171934e+02	-7.577123326428437622e+01	-1.837344545588710218e+02	-7.708538956957805510e+01	2.758344833313768873e+01	-6.999004893245633241e+01	1.845896939299925421e+01	-1.913696331019813215e+02
-5.798912301003716863e+01	-1.752293186005101404e+02	7.803647339993233345e+01	2.208696738631316521e+02	1.607613605295473747e+02	6.285039284935139392e+01	7.468646834859423222e+01	-1.372664273072088470e+01	4.886725230652757546e+01	1.075848163178211365e+02	-1.692224359145493224e+02	1.088199591040068981e+02
-1.412809828308478757e+02	4.517785180723156486e+02	-2.105849792984208761e+02	-1.447677464977828095e+02	2.674727983286842914e+02	-4.776859725669191192e+01	-2.986870552522344155e+02	3.493700577467704989e+02	1.429329531893331895e-01	-3.201601880221807050e+02	-6.823971427414004154e+01	1.372999290872981248e+01
2.047372599876829469e+01	-3.609690642427758576e+02	1.826855954203128363e+02	3.943104253493407327e+02	-2.217364696545269354e+01	4.065826312112952934e+01	3.196765097165831548e+02	-1.464255562257795305e+02	-1.841699115891666594e+01	4.418189514339347852e+02	6.328425010832391706e+01	1.545797635891702271e+02
